overdue_ratio,avg_delay_days,pending_ratio,payment_frequency,neighbor_avg_risk,centrality_score,stress_velocity,contagion_score,is_stressed
0.207743,5.1958,0.099384,11,23.5013,0.44386,0.10835900000000001,10.431287017999999,0
0.340009,15.8162,0.975173,4,57.034,0.56805,-0.635164,32.398163700000005,1
0.30916,6.2059,0.071265,9,17.6186,0.308713,0.237895,5.4390908618000005,0
0.003017,2.9474,0.288215,13,8.5764,0.292345,-0.285198,2.507267658,0
0.024473,7.7798,0.18506,8,24.6214,0.454169,-0.160587,11.182276616600001,0
0.448119,26.9461,0.302276,9,42.1748,0.437723,0.145843,18.460879980399998,0
0.537705,39.8891,0.517249,0,84.8342,0.501107,0.02045600000000003,42.511011459399995,0
0.061779,3.0401,0.032502,9,14.8886,0.176437,0.029276999999999997,2.6268999182000004,0
0.415749,17.9894,0.394568,4,47.7769,0.257853,0.021181000000000005,12.3194169957,1
0.300212,10.6976,0.267718,8,31.4607,0.09505,0.03249399999999997,2.990339535,0
0.095601,4.473,0.177179,13,24.4638,0.68395,-0.081578,16.73201601,1
0.192723,1.6574,0.06141,14,30.3132,0.591959,0.131313,17.9441715588,0
0.014692,1.3536,0.436008,12,31.1659,0.207182,-0.421316,6.4570134938,0
0.013042,0.9388,0.242732,9,22.3601,0.160091,-0.22969,3.5796507691,0
0.133263,4.3837,0.740977,6,47.1346,0.326557,-0.607714,15.392133572199999,1
0.228304,15.483,0.232574,7,29.6332,0.354914,-0.004269999999999996,10.5172375448,1
0.331476,23.0503,0.631608,9,28.9128,0.07078,-0.30013199999999995,2.046447984,0
0.338914,10.3815,0.39225,11,38.4026,0.184278,-0.053335999999999995,7.076754322799999,1
0.02785,2.9295,0.299476,13,21.2523,0.027658,-0.27162600000000003,0.5877961134,0
0.103953,3.8081,0.01725,10,21.7862,0.456796,0.086703,9.9518490152,0
0.206038,3.2823,0.100461,11,9.5428,0.247755,0.105577,2.364276414,0
0.093711,2.9105,0.273871,8,27.842,0.285266,-0.18016,7.942375972,0
0.0075,3.7494,0.165136,12,19.3988,0.147183,-0.157636,2.8551735804000002,0
0.29631,5.3473,0.23215,14,32.6857,0.667921,0.06416000000000002,21.831465429699996,0
0.042754,5.8656,0.063867,14,33.6334,0.159478,-0.021112999999999993,5.3637873652,0
0.0,0.8196,0.0,8,23.3107,0.319848,0.0,7.455880773600001,1
0.025574,6.0843,0.05679,12,28.5362,0.203109,-0.031216,5.7959590458,0
0.137964,1.9599,0.295383,8,12.0582,0.178902,-0.157419,2.1572360964,0
0.052363,5.0679,0.358292,13,24.0722,0.40206,-0.305929,9.678468731999999,0
0.255568,12.038,0.288864,5,29.3714,0.15691,-0.03329599999999999,4.608666374,1
0.024207,3.0328,0.370269,10,20.853,0.107957,-0.34606200000000004,2.251227321,0
0.014667,0.5467,0.194954,10,36.5311,0.527283,-0.18028699999999998,19.2622280013,0
0.092251,2.0026,0.04513,12,26.88,0.411258,0.047120999999999996,11.05461504,0
0.109309,5.4513,0.356381,11,28.213,0.13097,-0.247072,3.6950566100000004,0
0.446312,12.4407,0.369434,9,35.5556,0.408781,0.076878,14.534453723599999,0
0.401942,11.6685,0.246002,7,15.4417,0.254698,0.15594000000000002,3.9329701066,0
0.096397,3.4463,0.216892,11,27.6245,0.047328,-0.120495,1.307412336,0
0.080593,2.0226,0.208625,10,16.0002,0.574613,-0.128032,9.1939229226,0
0.083686,4.3791,0.127928,12,29.9993,0.052962,-0.04424199999999999,1.5888229266000002,0
0.178592,4.7758,0.112222,9,13.2229,0.081629,0.06637,1.0793721041,1
0.653053,23.2587,0.518156,1,73.2409,0.636732,0.13489700000000004,46.63482473879999,1
0.049439,4.5107,0.027147,10,10.1973,0.263447,0.022291999999999996,2.6864480931,0
0.070368,9.3286,0.10996,12,28.0704,0.179953,-0.039592,5.0513526912,1
0.391809,14.4278,0.141406,6,11.0961,0.491222,0.25040300000000004,5.4506484342,0
0.192925,6.4296,0.176078,10,48.3184,0.237541,0.016847,11.4776010544,0
0.000492,0.3061,0.182765,13,20.3315,0.533848,-0.18227300000000002,10.853930612,0
0.147615,4.9014,0.064977,11,30.0906,0.174288,0.082638,5.244430492799999,0
0.188783,4.7047,0.213674,13,22.0055,0.07146,-0.024890999999999996,1.57251303,0
0.0,1.6393,0.201808,11,20.0381,0.288699,-0.201808,5.7849794319,1
0.097892,5.2926,0.015886,9,8.5718,0.198884,0.08200600000000001,1.7047938712,0
0.207743,5.1958,0.099384,11,23.5013,0.44386,0.10835900000000001,10.431287017999999,0
0.378541,23.4178,0.173521,5,52.2378,0.437303,0.20502,22.8437466534,1
0.365099,29.1473,0.316032,5,36.4037,0.730392,0.04906700000000003,26.5889712504,0
0.4046,33.7743,0.732381,2,69.0724,0.629504,-0.32778099999999993,43.481352089599994,1
0.006297,5.2265,0.592275,10,28.3081,0.417949,-0.585978,11.8313420869,0
0.419458,44.8543,0.502432,1,64.7332,0.727413,-0.08297399999999999,47.08777121159999,0
0.02222,0.9865,0.315255,9,24.7082,0.600571,-0.293035,14.8390283822,0
0.0,9.1203,0.019033,9,23.7558,0.158297,-0.019033,3.7604718726,0
0.079913,4.5686,0.150588,8,20.5924,0.117363,-0.070675,2.4167858412,0
0.662607,46.914,0.753948,0,71.5565,0.231157,-0.091341,16.5407858705,1
0.013123,2.2533,0.011166,12,24.8723,0.464191,0.0019569999999999987,11.5454978093,0
0.112757,3.0535,0.082844,9,9.291,0.214316,0.029912999999999995,1.991209956,0
0.135075,3.7258,0.136663,8,20.3845,0.455455,-0.001588000000000006,9.2842224475,0
0.021055,1.9214,0.334207,12,11.4898,0.140633,-0.313152,1.6158450434000002,0
0.088524,5.5286,0.119188,13,17.5098,0.241413,-0.030663999999999997,4.227093347399999,0
0.014692,1.3536,0.436008,12,31.1659,0.207182,-0.421316,6.4570134938,0
0.148183,6.7709,0.273677,8,33.7961,0.220927,-0.125494,7.466470984700001,0
0.389269,17.2671,0.291413,7,21.0104,0.190186,0.097856,3.9958839344,0
0.901776,83.7004,0.905676,1,56.7914,0.682734,-0.0039000000000000146,38.7734196876,1
0.146059,5.4129,0.119504,10,31.8378,0.456135,0.026554999999999995,14.522334903,0
0.157732,4.4336,0.340942,12,12.8659,0.202335,-0.18321,2.6032218764999997,0
0.022133,4.1495,0.175314,10,27.5474,0.413324,-0.153181,11.3860015576,1
0.298655,7.3882,0.033905,10,28.5644,0.472968,0.26475,13.5100471392,0
0.005263,0.0,0.206754,9,21.62,0.18559,-0.201491,4.012455800000001,0
0.003017,2.9474,0.288215,13,8.5764,0.292345,-0.285198,2.507267658,0
0.243991,21.2636,0.155444,7,28.174,0.249966,0.08854700000000001,7.042542084,1
0.564871,25.9633,0.639181,4,78.7379,0.766764,-0.07430999999999999,60.3733871556,0
0.362808,7.689,0.708489,10,39.7681,0.319565,-0.345681,12.7084928765,0
0.374573,25.4352,0.432515,1,38.7946,0.369008,-0.057941999999999994,14.3155177568,1
0.111499,2.6214,0.182353,8,17.1648,0.239528,-0.07085399999999999,4.1114502144,0
0.375254,9.0815,0.31299,6,28.57,0.417357,0.062263999999999986,11.923889489999999,1
0.421859,39.3314,0.396575,5,67.3558,0.565546,0.025283999999999973,38.092803266800004,0
0.091892,19.8705,0.098608,8,33.5938,0.618851,-0.006716,20.789556723800004,0
0.025574,6.0843,0.05679,12,28.5362,0.203109,-0.031216,5.7959590458,0
0.002627,2.8935,0.051376,10,36.7886,0.440879,-0.048749,16.2193211794,0
0.042911,5.5346,0.206419,12,25.5068,0.221382,-0.163508,5.646746397599999,0
0.288759,6.4689,0.365468,11,19.318,0.161077,-0.07670900000000003,3.1116854860000003,0
0.525157,14.6236,0.160233,6,39.6915,0.42321,0.364924,16.797839715,0
0.660821,55.2974,0.363689,4,59.1245,0.474599,0.297132,28.060428575499998,1
0.347219,17.3778,0.221164,9,22.5233,0.164712,0.126055,3.7098577895999996,0
0.359298,31.9246,0.318869,9,5.1015,0.281974,0.04042899999999999,1.438490361,0
0.28089,11.3484,0.1734,9,34.7044,0.149142,0.10748999999999997,5.1758836248,0
0.025363,3.7581,0.099525,10,27.4816,0.24321,-0.074162,6.683799936000001,1
0.268064,7.6556,0.364924,9,32.7418,0.491795,-0.09686,16.102253531,1
0.108674,7.0908,0.196088,12,22.4328,0.106144,-0.087414,2.3811071232,0
0.059366,3.0635,0.040844,13,27.127,0.323777,0.018522000000000004,8.783098678999998,0
0.020794,3.6817,0.019568,9,20.2564,0.205435,0.0012260000000000014,4.161373534,0
0.185016,4.9149,0.278095,14,11.9703,0.142255,-0.09307899999999997,1.7028350264999998,0
0.379097,6.0985,0.681861,7,30.5861,0.266155,-0.30276400000000003,8.140643445499999,0
0.152937,2.6673,0.121286,8,39.7354,0.161628,0.031650999999999985,6.4223532312,0
0.070009,3.4949,0.202669,8,28.166,0.203225,-0.13266,5.724035349999999,0
0.057676,5.7888,0.421802,7,30.4817,0.228529,-0.364126,6.965952419300001,0
0.972072,41.9027,0.680475,2,91.2106,0.672402,0.291597,61.330189861200004,1
0.003743,1.7085,0.042534,9,8.4406,0.259765,-0.038791000000000006,2.192572459,0
0.244851,8.984,0.25946,11,9.5278,0.023152,-0.01460900000000001,0.22058762559999998,1
0.067115,4.0832,0.187727,13,5.2555,0.439741,-0.12061200000000001,2.3110588255,0
0.162779,21.4203,0.304712,11,47.4275,0.552472,-0.14193299999999998,26.20236578,0
0.0,1.5842,0.133324,13,17.4797,0.294642,-0.133324,5.150253767400001,1
0.381846,41.7303,0.311103,2,72.1645,0.807917,0.070743,58.3029263465,0
0.08034,13.2873,0.126359,5,6.1387,0.273093,-0.046019000000000004,1.6764359991,0
0.153764,2.7882,0.138316,10,42.0473,0.172677,0.015448000000000017,7.2606016221,0
0.236859,6.0922,0.121114,12,29.6378,0.447406,0.11574499999999999,13.2601295468,0
0.379097,6.0985,0.681861,7,30.5861,0.266155,-0.30276400000000003,8.140643445499999,0
0.200533,9.6943,0.094778,8,17.6153,0.074898,0.10575499999999999,1.3193507394000001,0
0.043193,2.8027,0.281849,11,34.665,0.232652,-0.238656,8.06488158,0
0.203386,14.64,0.105495,6,18.4217,0.278298,0.097891,5.1267222666,1
0.006096,3.7895,0.312551,11,35.8073,0.170356,-0.30645500000000003,6.0999883988,0
0.106617,4.6402,0.048896,8,13.0229,0.101233,0.057721,1.3183472357000001,0
0.232048,15.8748,0.353109,6,29.6759,0.183385,-0.121061,5.442114921499999,1
0.278235,18.4032,0.066811,5,33.5583,0.118334,0.211424,3.9710878722,0
0.074426,22.5067,0.656908,8,42.071,0.305688,-0.582482,12.860599848,0
0.162958,16.7803,0.475638,7,36.025,0.526194,-0.31268,18.956138850000002,0
0.025569,3.9232,0.272312,14,30.2882,0.378031,-0.246743,11.4498785342,0
0.54808,35.528,0.665619,3,68.3507,0.236169,-0.11753899999999995,16.1423164683,0
0.600266,31.1692,0.626291,0,69.2986,0.416498,-0.026025000000000076,28.862728302799997,1
0.034084,4.6613,0.099106,12,22.4192,0.088244,-0.065022,1.9783598848000001,0
0.413648,11.1735,0.093848,12,23.1301,0.445711,0.31980000000000003,10.3093400011,0
0.0,1.5809,0.28518,11,32.6214,0.548672,-0.28518,17.898448780800003,0
0.021873,4.2444,0.027231,13,24.009,0.233697,-0.005358000000000002,5.610831273,0
0.93151,40.353,0.84646,0,69.974,0.272575,0.08504999999999996,19.07316305,1
0.278235,18.4032,0.066811,5,33.5583,0.118334,0.211424,3.9710878722,0
0.081437,7.1169,0.180131,11,17.8619,0.390114,-0.09869400000000002,6.9681772566,0
0.257727,8.255,0.451609,9,45.4438,0.030351,-0.193882,1.3792647738000001,0
0.07351,16.813,0.149263,8,34.6991,0.750605,-0.075753,26.0453179555,0
0.345348,8.0865,0.52961,11,11.5547,0.27395,-0.18426200000000004,3.1654100650000006,0
0.005263,0.0,0.206754,9,21.62,0.18559,-0.201491,4.012455800000001,0
0.169824,15.1583,0.177368,10,18.6015,0.250453,-0.007543999999999995,4.6588014795,0
0.082084,6.0379,0.074453,10,21.3598,0.140837,0.007630999999999999,3.0082501525999996,0
0.425465,22.4313,0.104083,9,25.2494,0.158524,0.321382,4.0026358856,0
0.030587,15.1435,0.219849,7,22.4899,0.328073,-0.18926199999999999,7.3783289626999995,0
0.690072,40.0807,0.537746,1,51.8972,0.810002,0.15232600000000007,42.0368357944,0
0.904745,52.7635,0.725725,1,81.7219,0.936853,0.17902000000000007,76.5614071807,1
0.030286,2.9754,0.095668,8,31.784,0.199362,-0.065382,6.3365218080000005,0
0.046447,3.7732,0.209021,13,26.685,0.1418,-0.162574,3.783933,0
0.275292,8.8996,0.099264,14,23.6602,0.199102,0.17602799999999996,4.7107931404,0
0.221289,18.4577,0.256329,11,42.4145,0.580183,-0.03503999999999996,24.6081718535,0
0.204352,21.3188,0.819434,7,25.0033,0.482076,-0.615082,12.0534908508,0
0.092843,2.0118,0.140268,13,16.399,0.085067,-0.04742500000000001,1.395013733,0
0.615604,67.6925,0.787699,1,37.9424,0.28439,-0.172095,10.790439135999998,1
0.026881,3.0301,0.325283,7,41.7294,0.275645,-0.298402,11.502500462999999,1
0.141964,11.1703,0.138648,14,22.4088,0.218213,0.0033160000000000134,4.8898914744,0
0.069638,2.717,0.018341,13,12.3804,0.343231,0.05129700000000001,4.2493370724,0
0.306456,6.3665,0.031369,10,8.182,0.496995,0.275087,4.06641309,0
0.30916,6.2059,0.071265,9,17.6186,0.308713,0.237895,5.4390908618000005,0
0.427691,34.0638,0.161313,4,44.9631,0.343678,0.266378,15.452828281799999,1
0.599806,47.0696,0.57969,1,51.1158,0.343199,0.02011599999999991,17.5428914442,1
0.049367,9.6175,0.441888,8,20.9104,0.321166,-0.392521,6.7157095263999995,0
0.044308,14.0923,0.432833,5,27.6082,0.586977,-0.388525,16.205378411399998,0
0.356937,49.623,0.853928,2,62.2974,0.965916,-0.496991,60.1740554184,0
0.34217,17.0838,0.309716,4,50.4722,0.761484,0.03245399999999998,38.4337727448,0
0.028388,2.1505,0.104966,8,10.2753,0.238332,-0.07657800000000001,2.4489327995999997,0
0.410299,12.8296,0.337711,5,22.1325,0.626693,0.07258800000000004,13.870282822499998,0
0.354054,27.1995,0.639191,2,53.7855,0.525192,-0.285137,28.247714316,1
0.001427,0.8549,0.323965,14,25.2119,0.452154,-0.322538,11.3996614326,0
0.083092,0.536,0.50323,11,37.6509,0.39953,-0.42013799999999996,15.042664077,0
0.390686,10.7076,0.521858,4,50.2268,0.428111,-0.13117200000000007,21.5026455748,0
0.022802,7.0597,0.108225,8,16.3361,0.362318,-0.085423,5.918863079799999,0
0.200357,4.1263,0.184503,12,13.3463,0.126056,0.015854000000000007,1.6823811927999999,0
0.051803,3.0076,0.200719,12,18.0168,0.466727,-0.148916,8.4089270136,1
0.676501,65.6369,0.774035,3,40.2714,0.739763,-0.09753400000000001,29.791291678199997,0
0.3792,36.1693,0.622641,5,63.7062,0.376887,-0.24344100000000002,24.0100385994,0
0.257935,25.5906,0.333128,10,35.2627,0.223051,-0.07519299999999995,7.8653804977,0
0.121726,7.5304,0.024126,12,35.7143,0.194467,0.09759999999999999,6.9452527781,0
0.180772,5.7611,0.458605,11,27.3282,0.223205,-0.277833,6.099790881,0
0.619479,26.7572,0.911482,0,71.6041,0.555752,-0.292003,39.794121783200005,1
0.091864,4.7548,0.135176,8,20.135,0.203817,-0.04331199999999999,4.103855295000001,0
0.065559,1.2556,0.37312,9,29.2322,0.943607,-0.307561,27.583708545399997,0
0.181748,4.6002,0.160858,12,22.3048,0.229131,0.020889999999999992,5.1107211288,0
0.175205,9.496,0.468038,11,28.6299,0.405913,-0.292833,11.621248598700001,0
0.202833,4.6037,0.384142,13,25.2235,0.228362,-0.18130899999999997,5.760088907000001,0
0.54808,35.528,0.665619,3,68.3507,0.236169,-0.11753899999999995,16.1423164683,0
0.229416,6.9297,0.251339,12,19.7762,0.421129,-0.02192299999999997,8.3283313298,0
0.526404,17.6969,0.395311,9,24.151,0.184239,0.13109299999999996,4.4495560890000005,0
0.011496,0.8209,0.364783,13,31.5389,0.149755,-0.353287,4.7231079695,0
0.125774,7.4349,0.064746,10,13.5103,0.128138,0.061028,1.7311828214000002,0
0.192228,7.43,0.29196,9,9.1826,0.174852,-0.09973199999999999,1.6055959752000002,0
0.165833,3.6012,0.220934,12,11.6856,0.047976,-0.05510099999999998,0.5606283456,0
0.659811,64.1249,0.876878,0,59.3016,0.718692,-0.217067,42.6195855072,0
0.105038,2.4645,0.008942,8,22.3384,0.245925,0.096096,5.49357102,0
0.141964,11.1703,0.138648,14,22.4088,0.218213,0.0033160000000000134,4.8898914744,0
0.042754,5.8656,0.063867,14,33.6334,0.159478,-0.021112999999999993,5.3637873652,0
0.306513,46.5448,0.428785,2,47.5211,0.873506,-0.12227200000000005,41.5099659766,1
0.308793,8.8053,0.239761,11,24.3689,0.355865,0.06903199999999998,8.6720385985,0
0.596514,36.8824,0.489468,0,54.6362,0.917391,0.10704599999999997,50.1227581542,1
0.917789,60.1048,0.853863,2,64.7039,0.70097,0.06392599999999993,45.355492783,1
0.340379,9.9271,0.112238,6,6.948,0.661018,0.22814099999999998,4.592753064,0
0.0,1.3457,0.204226,8,26.3053,0.274289,-0.204226,7.2152544317,0
0.078276,3.0073,0.062748,13,6.5831,0.306456,0.015528,2.0174304936,0
0.026685,2.6145,0.097053,11,17.6902,0.317821,-0.070368,5.622317054200001,0
0.091767,3.0584,0.100459,9,25.2297,0.113795,-0.008692000000000005,2.8710137115,0
0.123558,1.3686,0.131529,14,28.6615,0.392841,-0.007971000000000006,11.2594123215,0
0.0,0.0,0.183209,12,17.5677,0.24289,-0.183209,4.267018652999999,0
0.862754,71.6106,0.726749,1,98.9004,0.731964,0.13600500000000004,72.3915323856,1
0.134901,3.9023,0.306955,14,27.0203,0.317578,-0.17205399999999998,8.581052833400001,0
0.526446,40.4678,0.463576,0,77.04,0.341687,0.06286999999999998,26.323566480000004,1
0.346485,11.1955,0.415349,1,60.8839,0.65912,-0.06886400000000004,40.129796168,1
0.068168,3.3397,0.06567,9,29.0916,0.107775,0.0024980000000000002,3.13534719,0
0.048565,8.2974,0.296834,14,22.7267,0.025172,-0.248269,0.5720764924,0
0.419458,44.8543,0.502432,1,64.7332,0.727413,-0.08297399999999999,47.08777121159999,0
0.276899,8.2317,0.13007,6,47.2687,0.1422,0.14682900000000002,6.72160914,1
0.200357,4.1263,0.184503,12,13.3463,0.126056,0.015854000000000007,1.6823811927999999,0
0.083901,12.6656,0.333914,8,9.5168,0.151199,-0.250013,1.4389306432,1
0.067858,7.8821,0.141575,11,24.1243,0.086671,-0.073717,2.0908772053,1
0.078093,6.4746,0.252827,10,29.8258,0.650312,-0.17473400000000003,19.3960756496,1
0.0588,4.7246,0.120566,8,18.2681,0.109039,-0.06176600000000001,1.9919353559,0
0.118141,12.7716,0.236389,6,27.8316,0.099176,-0.11824799999999999,2.7602267616000002,0
0.0,1.3457,0.204226,8,26.3053,0.274289,-0.204226,7.2152544317,0
0.905949,70.3465,0.728534,0,58.8382,0.598071,0.177415,35.1894211122,1
0.353588,25.4209,0.496809,5,44.3016,0.324945,-0.143221,14.395583411999999,1
0.05144,1.7282,0.225149,13,24.4785,0.652098,-0.173709,15.962380892999999,0
0.255065,8.4405,0.203366,12,26.7694,0.626778,0.051698999999999995,16.7784709932,0
0.137438,8.6099,0.138406,10,18.4892,0.559094,-0.0009679999999999966,10.3372007848,1
0.253946,15.1846,0.360019,11,23.3515,0.605239,-0.10607299999999997,14.1332385085,0
0.115966,5.8316,0.157398,12,26.4519,0.666886,-0.04143200000000001,17.640401783399998,0
0.062193,10.1596,0.202876,8,21.9652,0.651517,-0.140683,14.3107012084,0
0.690072,40.0807,0.537746,1,51.8972,0.810002,0.15232600000000007,42.0368357944,0
0.586147,33.7066,0.344051,3,56.0314,0.46509,0.24209599999999998,26.059643826,1
0.20245,18.3634,0.734624,5,40.9939,0.561887,-0.532174,23.0339394893,1
0.044761,15.4268,0.241613,8,42.9379,0.697991,-0.196852,29.9702677589,0
0.870675,73.032,0.724065,2,75.2615,0.754691,0.14661000000000002,56.7991766965,1
0.010355,0.5202,0.056127,10,24.5049,0.236095,-0.04577200000000001,5.7854843654999994,0
0.067167,4.7716,0.359989,10,29.4404,0.147332,-0.292822,4.3375130128,1
0.012381,4.3127,0.121257,13,7.8822,0.13751,-0.108876,1.0838813219999999,0
0.100093,8.6928,0.276716,10,24.532,0.273278,-0.17662300000000003,6.704055896000001,0
0.354893,12.3211,0.570104,2,75.6272,0.543462,-0.21521100000000004,41.100509366400004,0
0.626583,31.9099,0.461008,4,84.8006,0.598638,0.16557500000000003,50.7648615828,1
0.073464,5.5349,0.392781,12,20.4654,0.038656,-0.31931699999999996,0.7911105024,0
0.390686,10.7076,0.521858,4,50.2268,0.428111,-0.13117200000000007,21.5026455748,0
0.046473,1.5425,0.046836,13,31.5815,0.362425,-0.0003630000000000022,11.4459251375,0
0.299465,13.6508,0.69041,11,4.4767,0.538964,-0.390945,2.4127801388,0
0.112273,5.0152,0.540214,9,37.3895,0.118868,-0.42794099999999996,4.444415086,0
0.257727,8.255,0.451609,9,45.4438,0.030351,-0.193882,1.3792647738000001,0
0.272846,19.1981,0.219106,8,39.2709,0.486738,0.05373999999999998,19.1146393242,0
0.094469,28.5453,0.353805,10,49.594,0.733597,-0.259336,36.382009618000005,0
0.160256,4.0529,0.009324,8,22.499,0.421886,0.150932,9.492013113999999,0
0.597167,50.872,0.386547,2,78.2481,0.406639,0.21062000000000003,31.818729135899996,1
0.539505,28.3774,0.283157,11,36.3321,0.125936,0.256348,4.575519345599999,0
0.113421,17.9469,0.508401,7,32.2483,0.112843,-0.39498,3.6389949169,0
0.08392,9.9085,0.119955,7,28.9165,0.244957,-0.03603500000000001,7.0832990905,0
0.478413,42.8795,0.453434,4,71.3105,0.915048,0.024978999999999973,65.252530404,0
0.094449,8.2695,0.358696,9,25.3054,0.320536,-0.264247,8.111291694399998,0
0.329547,16.8545,0.582801,3,56.4881,0.230681,-0.25325400000000003,13.0307313961,1
0.102708,2.2572,0.356884,11,39.0569,0.147955,-0.25417599999999996,5.7786636395,0
0.074357,2.5042,0.100418,13,8.7482,0.214862,-0.026060999999999987,1.8796557484,0
0.253946,15.1846,0.360019,11,23.3515,0.605239,-0.10607299999999997,14.1332385085,0
0.035931,17.8351,0.430582,10,18.6455,0.463077,-0.39465100000000003,8.634302203499999,0
0.303229,13.5889,0.335226,7,36.8414,0.144594,-0.031997,5.3270453916000005,0
0.048755,3.09,0.463666,13,14.353,0.547556,-0.41491100000000003,7.859071268,0
0.044643,2.3501,0.115634,13,16.0076,0.321754,-0.070991,5.150509330399999,0
0.033193,2.8875,0.072094,10,27.4572,0.384166,-0.038901000000000005,10.5481226952,0
0.398639,58.2432,0.221029,5,38.2633,0.580656,0.17761000000000002,22.2178147248,1
0.248955,9.4799,0.086678,5,40.6522,0.615236,0.162277,25.0106969192,0
0.423525,30.6347,0.855284,2,62.5704,0.6984,-0.43175900000000006,43.699167360000004,1
0.140753,18.0405,0.549317,7,40.1982,0.107071,-0.40856400000000004,4.3040614722,0
0.0,1.3173,0.227757,11,20.7606,0.222071,-0.227757,4.6103272026,0
0.05024,0.324,0.098007,11,18.5951,0.212255,-0.047767,3.9469029504999997,0
0.093092,9.7056,0.292591,10,23.7025,0.258547,-0.19949899999999998,6.128210267500001,1
0.027983,5.4484,0.442305,11,40.5553,0.200615,-0.414322,8.1360015095,1
0.58466,46.1864,0.367123,4,70.551,0.991363,0.21753699999999998,69.941651013,1
0.108259,4.9462,0.106602,14,29.7352,0.055932,0.0016569999999999918,1.6631492064,0
0.025569,3.9232,0.272312,14,30.2882,0.378031,-0.246743,11.4498785342,0
0.010595,0.0,0.02682,12,29.8601,0.127207,-0.016225,3.7984137406999996,0
0.058408,5.3793,0.244229,11,10.1097,0.06846,-0.18582100000000001,0.6921100619999999,0
0.030609,3.9418,0.346611,14,32.6013,0.559812,-0.316002,18.2505989556,0
0.355322,7.6239,0.086937,11,39.5021,0.305452,0.26838500000000004,12.065995449199999,0
0.103003,6.2077,0.245252,12,30.8996,0.40361,-0.14224900000000001,12.471387556,0
0.235683,6.4931,0.328778,9,32.8563,0.211394,-0.09309500000000001,6.945624682199999,0
0.659185,43.5003,0.489044,1,94.401,0.754968,0.17014100000000004,71.269734168,1
0.123739,2.2606,0.166497,11,21.9054,0.181221,-0.042758000000000004,3.9697184934,0
0.079484,6.5039,0.081613,8,31.447,0.412912,-0.002129000000000006,12.984843664,1
0.07096,6.78,0.055182,9,29.2916,0.193316,0.015777999999999993,5.662534945599999,0
0.340379,9.9271,0.112238,6,6.948,0.661018,0.22814099999999998,4.592753064,0
0.071667,2.0673,0.301687,14,22.3478,0.074817,-0.23002,1.6719953525999998,0
0.015295,0.0,0.397758,14,10.248,0.332715,-0.382463,3.4096633199999995,0
0.3156,4.2852,0.260267,9,17.3156,0.405483,0.055332999999999966,7.0211814348,0
0.220934,3.3306,0.252211,14,29.0879,0.756646,-0.03127700000000003,22.009243183400002,1
0.409943,22.1701,0.604993,3,66.8141,0.559433,-0.19505,37.3780124053,1
0.003048,5.7448,0.263313,11,12.2703,0.044912,-0.260265,0.5510837136000001,0
0.38263,23.5898,0.263648,11,25.9665,0.478034,0.11898200000000003,12.412869861,1
0.89371,67.0311,0.888641,0,92.0919,0.45428,0.00506899999999999,41.835508331999996,1
0.149825,9.3451,0.408216,9,34.9615,0.429979,-0.25839100000000004,15.032710808500001,0
0.12138,18.5919,0.321007,6,22.9879,0.205271,-0.199627,4.7187492209,0
0.112644,16.8483,0.279097,10,26.4196,0.571791,-0.166453,15.1064895036,0
0.458574,19.3189,0.469585,8,24.0266,0.122666,-0.011010999999999993,2.9472469155999996,0
0.028569,2.1508,0.10796,8,13.3392,0.124038,-0.079391,1.6545676896,0
0.909317,87.0842,0.669673,1,63.4164,0.548908,0.23964400000000008,34.8097692912,1
0.938884,68.7225,0.543786,2,79.4827,0.629575,0.39509800000000006,50.040320852499995,1
0.055257,5.1114,0.344657,10,23.8918,0.330591,-0.2894,7.898414053800001,0
0.068919,17.858,0.077477,13,26.8052,0.309126,-0.00855800000000001,8.2861842552,0
0.342195,14.6361,0.058899,11,48.8584,0.319264,0.28329600000000005,15.598728217600001,1
0.177122,12.9068,0.222371,11,8.872,0.214666,-0.04524900000000001,1.904516752,0
0.057651,4.0855,0.068493,10,18.535,0.029283,-0.010841999999999997,0.542760405,1
0.325371,19.2787,0.568498,3,55.7065,0.9326,-0.24312699999999993,51.9518819,0
0.092251,2.0026,0.04513,12,26.88,0.411258,0.047120999999999996,11.05461504,0
0.082935,4.1422,0.200742,12,15.7032,0.328941,-0.11780700000000001,5.1654263112,0
0.032419,7.712,0.077859,12,23.5504,0.496768,-0.045439999999999994,11.6990851072,0
0.215593,9.6259,0.266735,8,28.9224,0.503487,-0.05114199999999999,14.5620524088,0
0.068421,0.0,0.157631,13,33.2957,0.199352,-0.08921,6.637564386399999,0
0.356536,9.662,0.299991,9,16.3409,0.394974,0.05654500000000001,6.4542306366,0
0.942042,54.2743,0.804072,2,77.9655,0.721747,0.13797000000000004,56.27136572850001,1
0.260967,8.7508,0.169245,12,18.0472,0.565987,0.091722,10.2144805864,0
0.504647,13.8911,0.216416,5,23.4573,0.358705,0.28823099999999996,8.4142507965,0
0.064973,1.6987,0.087201,11,24.4584,0.42914,-0.022227999999999998,10.496077776000002,0
0.020794,3.6817,0.019568,9,20.2564,0.205435,0.0012260000000000014,4.161373534,0
0.152937,2.6673,0.121286,8,39.7354,0.161628,0.031650999999999985,6.4223532312,0
0.325844,5.0216,0.026551,13,22.4971,0.039488,0.29929300000000003,0.8883654848,0
0.111223,4.5318,0.123737,11,18.3264,0.16554,-0.012513999999999997,3.0337522559999996,0
0.206443,6.4008,0.242063,11,34.7596,0.149272,-0.03562000000000001,5.1886350112,0
0.055858,1.9306,0.283983,8,19.5108,0.192663,-0.228125,3.7590092604,0
0.162779,21.4203,0.304712,11,47.4275,0.552472,-0.14193299999999998,26.20236578,0
0.314876,6.4585,0.343197,9,20.8493,0.409533,-0.028320999999999985,8.538476376899998,1
0.048565,8.2974,0.296834,14,22.7267,0.025172,-0.248269,0.5720764924,0
0.683818,42.4511,0.481085,0,70.8314,0.333283,0.20273300000000005,23.6069014862,1
0.443987,15.0398,0.011875,8,36.9908,0.100088,0.432112,3.7023351904,1
0.192228,7.43,0.29196,9,9.1826,0.174852,-0.09973199999999999,1.6055959752000002,0
0.310845,7.3738,0.462519,10,26.7163,0.081661,-0.15167400000000003,2.1816797743,0
0.150103,4.0728,0.097746,14,9.4309,0.235277,0.05235699999999999,2.2188738593,0
0.657418,24.9187,0.652154,1,78.3062,0.676803,0.005263999999999935,52.99787107860001,0
0.154698,1.8287,0.180486,11,28.7225,0.230319,-0.025788000000000005,6.6153374775,0
0.200548,3.7588,0.246006,8,25.2038,0.198244,-0.045458,4.9965021272,0
0.141704,3.5918,0.079814,14,10.4123,0.089149,0.06189,0.9282461327000001,1
0.014673,0.4195,0.018024,13,25.6001,0.138947,-0.003350999999999998,3.5570570946999998,0
0.208745,11.1608,0.181304,11,26.4958,0.083445,0.02744100000000002,2.210942031,0
0.123736,3.942,0.066985,8,31.549,0.248865,0.056750999999999996,7.851441885,0
0.332475,35.789,0.368783,3,55.7975,0.391901,-0.03630800000000001,21.8670960475,1
0.19349,13.549,0.400372,10,41.2959,0.058646,-0.206882,2.4218393514,0
0.026418,1.2556,0.067118,12,41.3282,0.126452,-0.0407,5.226033546400001,1
0.499622,14.6973,0.424888,10,24.431,0.203818,0.07473400000000002,4.979477558,1
0.008396,9.1241,0.373419,8,18.5732,0.199153,-0.365023,3.6989084996,0
0.360171,10.4997,0.172948,10,23.8678,0.137137,0.18722300000000003,3.2731584886,0
0.061548,8.3664,0.362903,11,21.7953,0.283601,-0.301355,6.1811688753,0
0.192362,3.7856,0.194963,14,24.451,0.240014,-0.002600999999999992,5.868582314,1
0.362808,7.689,0.708489,10,39.7681,0.319565,-0.345681,12.7084928765,0
0.382661,14.5568,0.344981,11,31.1618,0.151046,0.03767999999999999,4.7068652428,0
0.181366,3.2844,0.22956,10,20.0199,0.397698,-0.04819399999999999,7.9618741902,0
0.346815,33.1264,0.559292,6,46.2956,0.78467,-0.21247700000000003,36.326768451999996,0
0.080249,2.2752,0.254323,13,16.4287,0.204643,-0.174074,3.3620184540999998,1
0.100505,22.5454,0.116489,11,47.0372,0.413812,-0.015983999999999998,19.4645578064,0
0.098477,4.1928,0.175926,8,34.3047,0.386937,-0.077449,13.273757703899998,0
0.042911,5.5346,0.206419,12,25.5068,0.221382,-0.163508,5.646746397599999,0
0.649774,32.1178,0.629739,0,81.2532,0.563563,0.020034999999999914,45.791297151600006,1
0.173083,2.827,0.348536,11,18.5385,0.296143,-0.17545300000000003,5.490047005499999,0
0.398263,21.6905,0.38764,4,65.8052,0.414725,0.010622999999999994,27.29106157,0
0.228659,3.8808,0.15575,13,30.7638,0.551304,0.072909,16.9602059952,0
0.647352,45.8525,0.544683,2,71.6699,0.87059,0.10266900000000001,62.395098241,1
0.296635,5.0533,0.317973,12,25.655,0.09388,-0.021338000000000024,2.4084914000000004,0
0.279851,10.0342,0.371959,5,22.2258,0.321327,-0.09210799999999997,7.141749636599999,0
0.131531,7.3239,0.241613,8,24.9218,0.10047,-0.11008199999999999,2.503893246,0
0.01691,10.0345,0.029956,10,29.6736,0.283504,-0.013045999999999999,8.4125842944,0
0.072976,6.5251,0.24319,12,28.7203,0.116504,-0.17021399999999998,3.3460298312,0
0.182065,9.4218,0.452566,7,46.3028,0.48881,-0.270501,22.633271668,0
0.443166,17.7441,0.414787,8,40.2947,0.124851,0.028378999999999988,5.0308335897,1
0.116411,3.6704,0.08252,10,27.9109,0.405009,0.033891000000000004,11.3041656981,0
0.641912,40.3509,0.743207,0,62.375,0.715273,-0.10129499999999991,44.615153375000006,1
0.062643,2.7116,0.039584,11,44.0715,0.519165,0.023059000000000003,22.8803802975,0
0.477808,29.5515,0.499119,8,39.3495,0.356514,-0.02131099999999997,14.028647643,0
0.350269,16.2893,0.481207,2,57.371,0.682255,-0.130938,39.141651605,0
0.603034,36.5139,0.418069,4,64.9354,0.200537,0.18496499999999994,13.0219503098,1
0.028306,2.7131,0.331278,10,33.3616,0.505276,-0.302972,16.8568158016,0
0.250621,5.4524,0.172644,10,10.2841,0.150076,0.07797699999999999,1.5433965915999999,1
0.0,0.1678,0.033679,12,37.3566,0.284418,-0.033679,10.6248894588,0
0.178326,11.3042,0.032138,14,6.4807,0.21565,0.146188,1.397562955,0
0.618767,41.6522,0.59706,1,58.6392,0.36818,0.02170699999999992,21.589780656000002,1
0.012381,4.3127,0.121257,13,7.8822,0.13751,-0.108876,1.0838813219999999,0
0.14044,5.4652,0.118295,12,20.3603,0.346529,0.022145000000000012,7.055434398699999,0
0.18612,3.8678,0.358918,8,33.185,0.412905,-0.172798,13.702252425000001,0
0.030609,3.9418,0.346611,14,32.6013,0.559812,-0.316002,18.2505989556,0
0.259927,4.4343,0.235724,9,26.5458,0.301801,0.02420300000000003,8.0115489858,0
0.204352,21.3188,0.819434,7,25.0033,0.482076,-0.615082,12.0534908508,0
0.467203,13.033,0.201815,10,37.4979,0.51805,0.26538799999999996,19.425787095,0
0.0,0.0,0.178746,13,16.0332,0.431723,-0.178746,6.921901203600001,0
0.690072,40.0807,0.537746,1,51.8972,0.810002,0.15232600000000007,42.0368357944,0
0.235306,9.8424,0.206981,11,31.4778,0.250225,0.02832499999999999,7.876532504999999,1
0.021298,3.5332,0.246849,11,5.5531,0.395572,-0.225551,2.1966508732,0
0.272846,19.1981,0.219106,8,39.2709,0.486738,0.05373999999999998,19.1146393242,0
0.203935,4.9102,0.061346,14,24.2958,0.23331,0.14258900000000002,5.668453098,0
0.45096,15.2377,0.555245,5,9.6399,0.305179,-0.10428499999999996,2.9418950421,0
0.103412,9.5458,0.526453,8,26.4517,0.170396,-0.42304099999999994,4.507263873199999,0
0.063074,2.3774,0.247972,12,30.5601,0.370592,-0.184898,11.325328579199999,0
0.096478,2.7413,0.088413,10,26.4687,0.128674,0.008064999999999989,3.4058335038000003,0
0.054717,3.3318,0.097253,9,20.003,0.231453,-0.042536000000000004,4.629754359,0
0.124077,4.1143,0.369622,8,15.6497,0.125513,-0.245545,1.9642407961000001,0
0.117607,8.293,0.261251,9,38.4688,0.288411,-0.143644,11.0948250768,0
0.657418,24.9187,0.652154,1,78.3062,0.676803,0.005263999999999935,52.99787107860001,0
0.069202,3.6088,0.24411,14,30.0844,0.519297,-0.174908,15.6227386668,0
0.042911,5.5346,0.206419,12,25.5068,0.221382,-0.163508,5.646746397599999,0
0.033193,2.8875,0.072094,10,27.4572,0.384166,-0.038901000000000005,10.5481226952,0
0.074426,22.5067,0.656908,8,42.071,0.305688,-0.582482,12.860599848,0
0.620801,34.0063,0.771527,2,64.0193,0.516799,-0.15072599999999992,33.0851102207,1
0.325082,5.8384,0.116468,8,17.2825,0.082866,0.20861399999999997,1.432131645,0
0.04791,6.2423,0.330909,14,11.7722,0.244373,-0.282999,2.8768078306000002,0
0.15005,14.6576,0.373874,7,41.3182,0.205498,-0.223824,8.4908074636,1
0.0,1.6166,0.200182,14,17.6415,0.196954,-0.200182,3.474563991,0
0.089506,5.3645,0.005573,8,25.619,0.260962,0.08393300000000001,6.685585478000001,0
0.662278,34.4056,0.479623,2,82.7908,0.920277,0.182655,76.1904690516,1
0.04459,2.4311,0.396701,11,33.9577,0.377139,-0.352111,12.806773020300001,0
0.014667,0.5467,0.194954,10,36.5311,0.527283,-0.18028699999999998,19.2622280013,0
0.920976,73.4251,0.749711,1,88.9954,0.77565,0.171265,69.02928201,1
0.035393,19.1164,0.227725,6,28.6901,0.165119,-0.192332,4.7372806219,0
0.0,0.0,0.178746,13,16.0332,0.431723,-0.178746,6.921901203600001,0
0.034031,8.7685,0.189097,12,21.4645,0.190214,-0.15506599999999998,4.082848403,0
0.07351,16.813,0.149263,8,34.6991,0.750605,-0.075753,26.0453179555,0
0.180495,23.7144,0.172378,9,40.3409,0.206831,0.008116999999999985,8.3437486879,0
0.0,0.8309,0.385116,13,28.0005,0.335892,-0.385116,9.405143946,0
0.375875,34.2449,0.545973,6,45.3582,0.576033,-0.17009800000000003,26.127820020599998,1
0.125774,7.4349,0.064746,10,13.5103,0.128138,0.061028,1.7311828214000002,0
0.182934,14.7357,0.521532,7,31.528,0.621987,-0.33859799999999995,19.610006136,1
0.668593,37.1889,0.812081,4,67.5495,0.134613,-0.14348800000000006,9.0930408435,1
0.382941,23.8468,0.566647,6,53.8125,0.841752,-0.18370600000000004,45.2967795,1
0.279851,10.0342,0.371959,5,22.2258,0.321327,-0.09210799999999997,7.141749636599999,0
0.419519,12.0931,0.004371,8,20.2285,0.627784,0.41514799999999996,12.699128644,0
0.170382,3.787,0.230758,8,26.8848,0.056882,-0.060375999999999985,1.5292611936,1
0.037411,4.4116,0.040891,8,34.3712,0.172441,-0.003479999999999997,5.9270040992,0
0.04373,5.7177,0.31968,11,12.7241,0.50144,-0.27595000000000003,6.380372704,0
0.198798,5.0888,0.391843,9,24.662,0.239072,-0.193045,5.895993664,0
0.104407,12.2719,0.256014,8,18.645,0.253657,-0.15160700000000002,4.729434765000001,0
0.015455,2.7567,0.040375,8,18.1865,0.078403,-0.02492,1.4258761595,0
0.325371,19.2787,0.568498,3,55.7065,0.9326,-0.24312699999999993,51.9518819,0
0.305918,28.7673,0.158185,3,37.3424,0.475767,0.14773300000000003,17.766281620799997,0
0.100505,22.5454,0.116489,11,47.0372,0.413812,-0.015983999999999998,19.4645578064,0
0.067748,0.2356,0.43177,10,2.5173,0.298139,-0.36402199999999996,0.7505053047,1
0.047455,2.4553,0.180763,8,37.7332,0.244027,-0.133308,9.207919596399998,0
0.290297,17.3048,0.222219,9,26.9299,0.34814,0.06807800000000003,9.375375386,0
0.104407,12.2719,0.256014,8,18.645,0.253657,-0.15160700000000002,4.729434765000001,0
0.159284,8.7948,0.231155,6,36.6118,0.334421,-0.07187099999999999,12.243754767800002,0
0.119675,6.1032,0.121092,9,9.9699,0.617514,-0.0014170000000000016,6.156552828600001,0
0.034746,3.3388,0.18103,13,13.2345,0.401885,-0.146284,5.3187470325,0
0.074426,22.5067,0.656908,8,42.071,0.305688,-0.582482,12.860599848,0
0.915015,72.2984,0.706036,1,85.4479,0.444944,0.20897900000000003,38.0195304176,1
0.153311,6.1467,0.20417,11,36.2932,0.432824,-0.05085899999999999,15.7085679968,0
0.920226,52.6282,0.840311,2,93.9858,0.896757,0.07991499999999996,84.2824240506,1
0.0,0.0,0.103153,11,19.9514,0.102344,-0.103153,2.0419060816,1
0.161733,6.6487,0.151788,14,18.8786,0.373899,0.009944999999999982,7.058689661399999,0
0.01109,2.3491,0.400153,8,25.1703,0.572113,-0.389063,14.4002558439,0
0.001221,0.0,0.162052,9,27.9898,0.310334,-0.160831,8.6861865932,0
0.032142,3.0486,0.311689,14,31.5627,0.076363,-0.279547,2.4102224601,0
0.127343,4.5201,0.259057,14,9.1734,0.152395,-0.13171399999999997,1.3979802930000003,0
0.391809,14.4278,0.141406,6,11.0961,0.491222,0.25040300000000004,5.4506484342,0
0.182877,3.0113,0.381849,10,23.1962,0.115413,-0.19897199999999998,2.6771430306000004,0
0.108654,5.1583,0.210196,12,34.2844,0.245439,-0.101542,8.4147288516,0
0.542751,23.3746,0.611986,2,80.5146,0.202064,-0.06923500000000005,16.2691021344,1
0.049181,7.6697,0.385142,9,28.5847,0.17254,-0.33596099999999995,4.932004138,0
0.071581,2.4985,0.058732,10,11.4663,0.161405,0.012849000000000006,1.8507181515,1
0.217095,4.2486,0.173594,14,37.9674,0.39905,0.04350100000000001,15.150890969999999,0
0.471504,14.0134,0.625614,4,50.1462,0.272828,-0.15411000000000002,13.681287453600001,0
0.080305,32.2655,0.504129,7,22.9324,0.363719,-0.42382400000000003,8.340949595600001,0
0.17451,9.7678,0.488229,8,45.7184,0.2997,-0.313719,13.701804480000002,1
0.249477,8.3406,0.241627,5,32.1849,0.089971,0.007849999999999996,2.8957076378999997,0
0.0,0.0,0.155327,8,28.8304,0.585761,-0.155327,16.8877239344,0
0.182065,9.4218,0.452566,7,46.3028,0.48881,-0.270501,22.633271668,0
0.177941,24.7801,0.317465,5,14.7333,0.120061,-0.139524,1.7688947313,1
0.181224,15.8781,0.329803,5,19.1477,0.421164,-0.14857900000000002,8.0643219228,1
0.246703,7.2341,0.296062,13,14.1222,0.323235,-0.049358999999999986,4.564789317,0
0.141964,11.1703,0.138648,14,22.4088,0.218213,0.0033160000000000134,4.8898914744,0
0.085416,16.7599,0.182848,7,35.6736,0.456608,-0.097432,16.2888511488,1
0.154524,4.6681,0.059459,12,24.8247,0.324491,0.095065,8.0553917277,1
0.071793,3.2089,0.192227,13,11.4977,0.216014,-0.12043400000000001,2.4836641678,1
0.391809,14.4278,0.141406,6,11.0961,0.491222,0.25040300000000004,5.4506484342,0
0.001097,5.5994,0.152472,14,13.2796,0.134504,-0.151375,1.7861593184000002,1
0.07096,6.78,0.055182,9,29.2916,0.193316,0.015777999999999993,5.662534945599999,0
0.139507,5.5157,0.329691,9,31.2946,0.021602,-0.19018400000000002,0.6760259491999999,1
0.105174,15.0129,0.078766,11,18.5069,0.208317,0.026408,3.8553018873000005,0
0.140753,18.0405,0.549317,7,40.1982,0.107071,-0.40856400000000004,4.3040614722,0
0.006096,3.7895,0.312551,11,35.8073,0.170356,-0.30645500000000003,6.0999883988,0
0.021055,1.9214,0.334207,12,11.4898,0.140633,-0.313152,1.6158450434000002,0
0.141075,4.9109,0.211691,14,22.6598,0.322427,-0.07061599999999998,7.306131334600001,0
0.015583,4.0982,0.150779,11,23.3884,0.267113,-0.13519599999999998,6.2473456892,0
0.432166,15.2229,0.245092,8,31.5059,0.153867,0.187074,4.8477183153,1
0.679708,53.9744,0.632355,2,69.6469,0.619551,0.04735299999999998,43.1498065419,1
0.206038,3.2823,0.100461,11,9.5428,0.247755,0.105577,2.364276414,0
0.071541,8.5038,0.298233,11,27.6986,0.234876,-0.22669200000000003,6.5057363736,0
0.142939,5.9851,0.353734,9,15.7339,0.411557,-0.21079499999999998,6.4753966823,0
0.189856,10.3944,0.170987,8,25.9307,0.129011,0.018868999999999997,3.3453455376999996,1
0.870817,35.0824,0.849879,2,72.1626,0.550371,0.0209379999999999,39.716202324600005,1
0.007799,18.1924,0.624374,5,22.2956,0.412827,-0.616575,9.2042256612,0
0.067311,4.0531,0.139199,10,14.4664,0.406363,-0.071888,5.8786097031999995,0
0.211118,19.9613,0.250738,7,32.2615,0.168844,-0.039620000000000016,5.447160705999999,0
0.046234,2.9931,0.062982,11,18.6764,0.159484,-0.016748,2.9785869776,1
0.024531,3.7055,0.158164,10,22.1383,0.297215,-0.133633,6.579834834500001,0
0.38796,29.6141,0.55592,4,43.2586,0.241427,-0.16795999999999994,10.4437940222,1
0.021994,2.9063,0.05713,10,34.6583,0.311793,-0.035136,10.806215331899999,0
0.028306,3.8408,0.071235,13,16.0964,0.221214,-0.04292900000000001,3.5607490295999997,1
0.389269,17.2671,0.291413,7,21.0104,0.190186,0.097856,3.9958839344,0
0.010984,0.0,0.279426,12,16.8769,0.070024,-0.268442,1.1817880456,0
0.046602,11.3966,0.193586,11,23.0121,0.177663,-0.146984,4.0883987223,0
0.168501,8.2284,0.368814,9,42.4859,0.144812,-0.20031299999999996,6.1524681508,0
0.29631,5.3473,0.23215,14,32.6857,0.667921,0.06416000000000002,21.831465429699996,0
0.418833,12.2613,0.650764,6,69.7754,0.515729,-0.231931,35.985197266600004,1
0.115966,5.8316,0.157398,12,26.4519,0.666886,-0.04143200000000001,17.640401783399998,0
0.278235,18.4032,0.066811,5,33.5583,0.118334,0.211424,3.9710878722,0
0.096478,2.7413,0.088413,10,26.4687,0.128674,0.008064999999999989,3.4058335038000003,0
0.108674,7.0908,0.196088,12,22.4328,0.106144,-0.087414,2.3811071232,0
0.084301,2.1945,0.136583,11,34.0811,0.5147,-0.05228200000000001,17.54154217,0
0.556162,39.6184,0.895697,0,69.2752,0.592067,-0.3395349999999999,41.0155598384,0
0.225568,8.3888,0.137779,12,22.3068,0.377516,0.08778899999999998,8.4211739088,0
0.275416,19.077,0.361237,5,15.2309,0.395967,-0.08582099999999998,6.0309337803,0
0.035577,2.8515,0.179429,12,13.7894,0.235164,-0.143852,3.2427704616,0
0.404074,14.3633,0.807943,1,55.358,0.186767,-0.403869,10.339047586,1
0.285993,4.0691,0.317326,12,35.812,0.438859,-0.031333,15.716418507999999,0
0.057966,0.0,0.088165,11,26.9532,0.140837,-0.030198999999999997,3.7960078283999996,0
0.057979,2.402,0.235839,8,31.905,0.408016,-0.17786,13.01775048,1
0.174109,17.002,0.204863,11,18.261,0.200495,-0.030753999999999976,3.661239195,1
0.092251,2.0026,0.04513,12,26.88,0.411258,0.047120999999999996,11.05461504,0
0.180053,3.498,0.085535,8,18.3549,0.179662,0.09451799999999999,3.2976780438,0
0.011497,3.3803,0.041338,9,35.4247,0.622955,-0.029841,22.067993988500003,0
0.0,3.7505,0.310671,12,29.105,0.504749,-0.310671,14.690719645,0
0.162958,16.7803,0.475638,7,36.025,0.526194,-0.31268,18.956138850000002,0
0.277045,16.5079,0.384267,9,24.3539,0.640122,-0.10722200000000004,15.5894671758,1
0.08034,13.2873,0.126359,5,6.1387,0.273093,-0.046019000000000004,1.6764359991,0
0.009123,11.5152,0.044669,8,26.4275,0.595264,-0.035546,15.73133936,0
0.086078,1.9307,0.023951,14,4.9251,0.083192,0.062127,0.4097289192,0
0.8807,86.3176,0.446716,0,50.557,0.602774,0.43398400000000004,30.474445118000002,1
0.127138,6.4852,0.460139,10,21.1524,0.389702,-0.333001,8.2431325848,0
0.0,10.2028,0.131008,8,32.3025,0.035405,-0.131008,1.1436700125,0
0.537705,39.8891,0.517249,0,84.8342,0.501107,0.02045600000000003,42.511011459399995,0
0.025064,10.824,0.18446,8,36.9509,0.277684,-0.159396,10.2606737156,0
0.068077,3.9974,0.120207,14,15.6009,0.41498,-0.052129999999999996,6.474061482,0
0.45777,9.2375,0.421217,6,24.3092,0.360726,0.036553,8.7689604792,1
0.153311,6.1467,0.20417,11,36.2932,0.432824,-0.05085899999999999,15.7085679968,0
0.150897,8.0998,0.0,12,17.1411,0.210127,0.150897,3.6018079197000006,0
0.085266,3.816,0.137713,10,16.0287,0.220269,-0.05244700000000001,3.5306257203,0
0.235683,6.4931,0.328778,9,32.8563,0.211394,-0.09309500000000001,6.945624682199999,0
0.095128,9.2868,0.508776,8,26.2598,0.407453,-0.413648,10.6996342894,1
0.447562,9.6114,0.289523,12,22.5834,0.184601,0.15803900000000004,4.1689182233999995,0
0.147357,7.3217,0.096861,8,36.5925,0.193908,0.050495999999999985,7.09557849,0
0.054515,4.0915,0.077438,14,8.5715,0.261341,-0.022923000000000006,2.2400843815,0
0.387797,19.005,0.426594,5,26.5421,0.543735,-0.03879699999999997,14.431868743499999,0
0.010355,0.5202,0.056127,10,24.5049,0.236095,-0.04577200000000001,5.7854843654999994,0
0.279983,7.6528,0.255707,8,16.6064,0.156595,0.024275999999999964,2.6004792080000003,0
0.102074,12.7093,0.732111,9,39.9743,0.560627,-0.630037,22.410671886099998,0
0.160212,17.2422,0.475791,5,15.8725,0.404563,-0.31557900000000005,6.4214262175000005,1
0.292503,4.6869,0.298178,11,7.7712,0.118365,-0.005674999999999986,0.919838088,0
0.181748,4.6002,0.160858,12,22.3048,0.229131,0.020889999999999992,5.1107211288,0
0.074357,2.5042,0.100418,13,8.7482,0.214862,-0.026060999999999987,1.8796557484,0
0.200645,3.8834,0.283407,11,17.3804,0.257989,-0.08276200000000003,4.483952015600001,0
0.037,4.4485,0.052483,13,10.2373,0.616742,-0.015483000000000004,6.3137728766,0
0.007905,4.2248,0.214431,9,25.0285,0.358215,-0.20652600000000002,8.9655841275,0
0.111143,1.7978,0.315441,14,26.0804,0.117405,-0.20429800000000004,3.061969362,0
0.151102,8.619,0.341036,7,32.2513,0.189035,-0.18993400000000002,6.0966244955,0
0.208935,8.6588,0.172605,13,24.399,0.09579,0.03633,2.33718021,0
0.242618,13.3903,0.23795,5,33.8259,0.328217,0.0046680000000000055,11.102235420299998,0
0.525472,26.9228,0.419315,4,85.9261,0.39319,0.10615700000000006,33.785283259,1
0.928785,61.7038,0.804075,1,54.2484,0.70552,0.12470999999999999,38.273331168,1
0.040087,0.9952,0.158461,9,20.1542,0.279521,-0.118374,5.6335221382,0
0.585062,26.6774,0.686565,3,71.3523,0.580982,-0.10150300000000001,41.4544019586,1
0.0,1.8104,0.280486,8,29.5428,0.403779,-0.280486,11.9287622412,0
0.690072,40.0807,0.537746,1,51.8972,0.810002,0.15232600000000007,42.0368357944,0
0.042031,7.9491,0.072381,8,24.1659,0.171516,-0.030350000000000002,4.1448385044,0
0.094658,1.924,0.249088,12,21.6052,0.140022,-0.15443,3.0252033144,1
0.009779,4.8688,0.104064,9,29.9734,0.257114,-0.09428500000000001,7.706580767600001,0
0.022848,1.7702,0.080891,14,12.0505,0.159529,-0.058043000000000004,1.9224042145,0
0.177269,10.4926,0.386469,6,18.4833,0.515437,-0.2092,9.5269767021,0
0.152231,15.962,0.093494,6,22.5649,0.342728,0.05873700000000001,7.7336230472,0
0.068168,3.3397,0.06567,9,29.0916,0.107775,0.0024980000000000002,3.13534719,0
0.388168,21.292,0.912367,1,57.6938,0.429491,-0.5241990000000001,24.7789678558,0
0.002318,0.0795,0.078718,13,16.4107,0.261494,-0.0764,4.2912995858,0
0.336851,17.0118,0.503549,5,34.284,0.384282,-0.166698,13.174724088,0
0.244348,12.053,0.384048,8,43.2716,0.743753,-0.1397,32.1833823148,0
0.003582,3.9024,0.027546,9,32.1756,0.189139,-0.023964,6.085660808400001,0
0.086598,5.3214,0.584032,9,24.7058,0.460905,-0.497434,11.387026749,1
0.057773,11.0638,0.059466,14,7.8461,0.433145,-0.001693,3.3984989844999998,0
0.329348,6.6722,0.189535,11,27.7852,0.265371,0.13981299999999997,7.373386309200001,0
0.093711,2.9105,0.273871,8,27.842,0.285266,-0.18016,7.942375972,0
0.117936,5.4599,0.052408,11,22.4791,0.041714,0.065528,0.9376931774,0
0.143665,7.5264,0.191369,6,21.0905,0.397507,-0.047704000000000024,8.3836213835,0
0.381846,41.7303,0.311103,2,72.1645,0.807917,0.070743,58.3029263465,0
0.024531,3.7055,0.158164,10,22.1383,0.297215,-0.133633,6.579834834500001,0
0.111499,2.6214,0.182353,8,17.1648,0.239528,-0.07085399999999999,4.1114502144,0
0.032638,2.6732,0.156642,9,26.9679,0.212412,-0.124004,5.728305574799999,0
0.504353,60.8467,0.49308,6,47.9657,0.371006,0.011273000000000033,17.7955624942,0
0.123567,7.0343,0.121365,13,28.5429,0.454506,0.0022019999999999956,12.9729193074,0
0.013042,0.9388,0.242732,9,22.3601,0.160091,-0.22969,3.5796507691,0
0.105436,3.5881,0.081975,10,27.2711,0.107982,0.023460999999999996,2.9447879202,0
0.90828,52.9705,0.93242,0,66.3443,0.62898,-0.02414000000000005,41.729237814,1
0.329348,6.6722,0.189535,11,27.7852,0.265371,0.13981299999999997,7.373386309200001,0
0.352314,15.3584,0.463364,9,24.7199,0.331585,-0.11104999999999998,8.1967480415,1
0.354893,12.3211,0.570104,2,75.6272,0.543462,-0.21521100000000004,41.100509366400004,0
0.158551,4.0438,0.323671,11,23.2204,0.169629,-0.16512,3.9388532316000004,0
0.291409,4.8219,0.32653,10,23.1701,0.121241,-0.03512100000000001,2.8091660941,1
0.243048,8.4634,0.178868,10,34.6168,0.402024,0.06417999999999999,13.9167844032,1
0.003048,5.7448,0.263313,11,12.2703,0.044912,-0.260265,0.5510837136000001,0
0.05077,4.5771,0.185989,13,10.5495,0.357835,-0.13521899999999998,3.7749803325,0
0.0,0.6342,0.449684,9,12.8295,0.282556,-0.449684,3.6250522019999996,0
0.860394,46.2332,0.738521,1,85.2366,0.853583,0.12187300000000001,72.7565127378,0
0.191179,3.056,0.481925,6,31.6083,0.333871,-0.290746,10.5530947293,0
0.206453,18.4153,0.052429,11,24.4789,0.408175,0.154024,9.9916750075,1
0.180385,8.3477,0.057627,10,5.4164,0.627997,0.12275799999999999,3.4014829508,0
0.125941,3.7252,0.414552,9,18.4791,0.006847,-0.28861099999999995,0.1265263977,0
0.29631,5.3473,0.23215,14,32.6857,0.667921,0.06416000000000002,21.831465429699996,0
0.045385,0.5326,0.139656,14,30.3901,0.467577,-0.094271,14.209711787700002,0
0.013579,0.0,0.099689,12,24.3304,0.045669,-0.08610999999999999,1.1111450376,0
0.118011,7.129,0.58967,10,31.8321,0.549471,-0.47165900000000005,17.490815819100003,0
0.081641,3.1996,0.229949,14,15.4816,0.286651,-0.148308,4.4378161216,0
0.206038,3.2823,0.100461,11,9.5428,0.247755,0.105577,2.364276414,0
0.262134,11.9129,0.382937,13,36.7261,0.413572,-0.12080300000000005,15.1888866292,0
0.21687,8.908,0.382923,5,41.3374,0.204922,-0.166053,8.4709426828,0
0.086596,2.2337,0.038051,14,23.6996,0.303222,0.048545000000000005,7.1862401112,0
0.114717,4.1709,0.092975,8,14.1666,0.268338,0.021741999999999997,3.8014371108000007,0
0.225647,3.9006,0.636205,6,30.9955,0.322609,-0.41055800000000003,9.999427259499999,1
0.676501,65.6369,0.774035,3,40.2714,0.739763,-0.09753400000000001,29.791291678199997,0
0.06255,9.3126,0.166547,11,31.2788,0.188393,-0.103997,5.892706968400001,0
0.064973,1.6987,0.087201,11,24.4584,0.42914,-0.022227999999999998,10.496077776000002,0
0.100931,10.0227,0.10483,9,20.6085,0.117021,-0.0038989999999999997,2.4116272785,0
0.657418,24.9187,0.652154,1,78.3062,0.676803,0.005263999999999935,52.99787107860001,0
0.11119,10.7325,0.498765,7,45.7291,0.285562,-0.387575,13.0584932542,0
0.446312,12.4407,0.369434,9,35.5556,0.408781,0.076878,14.534453723599999,0
0.301147,9.469,0.293491,9,37.5682,0.278305,0.007655999999999996,10.455417901,0
0.053511,6.6245,0.178292,12,14.119,0.111063,-0.124781,1.5680984969999998,0
0.001221,0.0,0.162052,9,27.9898,0.310334,-0.160831,8.6861865932,0
0.15237,5.868,0.186477,11,19.4783,0.21776,-0.034107,4.241594608000001,0
0.283204,8.9257,0.186662,11,23.1597,0.362182,0.09654200000000002,8.388026465400001,0
0.075068,5.7145,0.26412,8,26.9878,0.161923,-0.18905200000000003,4.369945539400001,0
0.477808,29.5515,0.499119,8,39.3495,0.356514,-0.02131099999999997,14.028647643,0
0.192872,6.0601,0.032804,13,31.7789,0.185082,0.160068,5.8817023698,0
0.194359,9.0671,0.127942,9,17.8993,0.225254,0.066417,4.0318889222,0
0.148629,11.18,0.467291,10,38.0987,0.133894,-0.318662,5.101187337800001,0
0.054244,6.4741,0.093603,11,14.8223,0.253015,-0.039359000000000005,3.7502642345,0
0.082084,6.0379,0.074453,10,21.3598,0.140837,0.007630999999999999,3.0082501525999996,0
0.073464,5.5349,0.392781,12,20.4654,0.038656,-0.31931699999999996,0.7911105024,0
0.115966,5.8316,0.157398,12,26.4519,0.666886,-0.04143200000000001,17.640401783399998,0
0.306329,9.4046,0.024775,10,29.9662,0.271059,0.281554,8.1226082058,1
0.157732,4.4336,0.340942,12,12.8659,0.202335,-0.18321,2.6032218764999997,0
0.135601,5.9835,0.0059,13,30.1087,0.133816,0.129701,4.029025799199999,1
0.367343,26.3284,0.365123,6,55.3359,0.621475,0.0022199999999999998,34.3898784525,0
0.507786,19.5097,0.661282,6,31.6403,0.071997,-0.15349600000000008,2.2780066791,1
0.034031,8.7685,0.189097,12,21.4645,0.190214,-0.15506599999999998,4.082848403,0
0.06422,5.7106,0.486956,12,14.2686,0.119935,-0.422736,1.7113045409999998,0
0.253293,2.2244,0.107121,8,27.5401,0.214939,0.146172,5.9194415539,0
0.657216,29.9138,0.542742,3,37.1433,0.222557,0.11447400000000008,8.2665014181,1
0.419458,44.8543,0.502432,1,64.7332,0.727413,-0.08297399999999999,47.08777121159999,0
0.070009,3.4949,0.202669,8,28.166,0.203225,-0.13266,5.724035349999999,0
0.661709,31.671,0.723813,0,72.5366,0.709486,-0.06210400000000005,51.4637021876,1
0.080903,4.8132,0.31987,11,18.7268,0.238084,-0.23896699999999998,4.4585514512,0
0.013123,2.2533,0.011166,12,24.8723,0.464191,0.0019569999999999987,11.5454978093,0
0.19349,13.549,0.400372,10,41.2959,0.058646,-0.206882,2.4218393514,0
0.147065,4.1998,0.022768,13,14.6517,0.197563,0.124297,2.8946338071,0
0.040564,1.3572,0.149522,10,13.3243,0.406362,-0.10895799999999999,5.4144891966,1
0.022993,7.7861,0.208402,13,17.6707,0.088378,-0.185409,1.5617011245999999,0
0.12138,18.5919,0.321007,6,22.9879,0.205271,-0.199627,4.7187492209,0
0.137964,1.9599,0.295383,8,12.0582,0.178902,-0.157419,2.1572360964,0
0.110056,5.9303,0.169475,13,24.5111,0.319214,-0.059418999999999986,7.8242862753999995,0
0.0,1.1844,0.196351,9,25.6629,0.205873,-0.196351,5.2832982117,0
0.115404,5.8969,0.150218,11,8.0833,0.530057,-0.034813999999999984,4.284609748099999,0
0.0,0.0,0.155327,8,28.8304,0.585761,-0.155327,16.8877239344,0
0.125941,3.7252,0.414552,9,18.4791,0.006847,-0.28861099999999995,0.1265263977,0
0.133442,4.398,0.320129,11,7.4343,0.04643,-0.186687,0.345174549,1
0.095347,0.0,0.074775,13,17.1499,0.230615,0.020572000000000007,3.9550241884999995,0
0.111825,5.7942,0.585145,8,28.239,0.401064,-0.47332,11.325646296,0
0.622216,41.3767,0.505672,2,85.1948,0.217211,0.11654399999999998,18.5052477028,0
0.133345,5.6181,0.699232,5,33.6757,0.265829,-0.565887,8.951977655299999,0
0.123979,3.5787,0.052216,9,31.0347,0.157988,0.07176300000000001,4.9031101836,1
0.104677,25.5707,0.367777,5,22.1986,0.223977,-0.2631,4.9719758322,0
0.094441,7.7031,0.321533,11,17.5049,0.292976,-0.22709200000000002,5.1285155824,0
0.13689,3.2337,0.0,11,18.0633,0.291116,0.13689,5.2585156428,1
0.02785,2.9295,0.299476,13,21.2523,0.027658,-0.27162600000000003,0.5877961134,0
0.02042,1.5158,0.056996,13,22.1223,0.434563,-0.036576,9.6135330549,0
0.402902,10.9898,0.196452,6,40.6643,0.225476,0.20645,9.1688237068,1
0.11119,10.7325,0.498765,7,45.7291,0.285562,-0.387575,13.0584932542,0
0.016353,0.142,0.066928,10,21.454,0.110023,-0.050575,2.360433442,1
0.282264,4.8658,0.206712,7,18.7227,0.253505,0.07555200000000001,4.746298063499999,1
0.119434,2.874,0.242793,10,28.1147,0.167532,-0.12335900000000001,4.710111920399999,0
0.191179,3.056,0.481925,6,31.6083,0.333871,-0.290746,10.5530947293,0
0.275416,19.077,0.361237,5,15.2309,0.395967,-0.08582099999999998,6.0309337803,0
0.208331,9.8782,0.117918,8,33.2411,0.405709,0.090413,13.4862134399,0
0.406928,16.2449,0.228294,6,32.309,0.351863,0.17863400000000001,11.368341667,0
0.143407,8.2536,0.081741,13,24.6401,0.267947,0.06166600000000001,6.6022408747,0
0.291792,15.9375,0.34132,11,31.8931,0.38799,-0.049528000000000016,12.374203869,0
0.916694,58.7193,0.989515,1,64.8258,0.819337,-0.07282100000000002,53.1141764946,1
0.423658,11.946,0.322279,6,14.315,0.399617,0.101379,5.720517355,0
0.393247,41.001,0.449169,1,36.6818,0.498448,-0.05592199999999997,18.2839698464,0
0.178745,7.4267,0.147511,9,12.6753,0.305836,0.031233999999999984,3.8765630507999997,0
0.462159,17.6751,0.377322,5,20.8947,0.242358,0.084837,5.0639977026,0
0.048414,7.3749,0.31583,5,13.9897,0.196641,-0.267416,2.7509485977,0
0.169824,15.1583,0.177368,10,18.6015,0.250453,-0.007543999999999995,4.6588014795,0
0.001793,1.6837,0.059902,11,24.67,0.211079,-0.058108999999999994,5.2073189300000005,0
0.0,1.3457,0.204226,8,26.3053,0.274289,-0.204226,7.2152544317,0
0.422301,12.7056,0.639558,6,25.2481,0.157087,-0.21725699999999998,3.9661482847000005,0
0.015455,2.7567,0.040375,8,18.1865,0.078403,-0.02492,1.4258761595,0
0.121726,7.5304,0.024126,12,35.7143,0.194467,0.09759999999999999,6.9452527781,0
0.021298,3.5332,0.246849,11,5.5531,0.395572,-0.225551,2.1966508732,0
0.334116,14.6131,0.584268,6,29.168,0.613988,-0.250152,17.908801984,1
0.586272,39.5703,0.388219,2,82.0089,0.53521,0.19805300000000003,43.891983368999995,1
0.0,5.1543,0.007336,11,15.6159,0.629947,-0.007336,9.8371893573,0
0.06365,1.4715,0.070288,13,16.3342,0.313157,-0.006638000000000005,5.1151690694,0
0.012563,9.2853,0.192077,10,12.8808,0.035342,-0.179514,0.4552332336,0
0.129528,7.5679,0.222567,8,28.2028,0.0448,-0.09303899999999998,1.26348544,0
0.195914,3.2479,0.070148,12,14.0999,0.13156,0.125766,1.854982844,1
0.229416,6.9297,0.251339,12,19.7762,0.421129,-0.02192299999999997,8.3283313298,0
0.469683,23.8084,0.429423,10,28.7425,0.419716,0.04026000000000002,12.06368713,0
0.43794,9.9577,0.420789,4,58.2759,0.546873,0.017150999999999972,31.869516260700003,1
0.220517,16.0595,0.20522,8,35.7476,0.307744,0.015296999999999977,11.0011094144,0
0.526404,17.6969,0.395311,9,24.151,0.184239,0.13109299999999996,4.4495560890000005,0
0.0075,3.7494,0.165136,12,19.3988,0.147183,-0.157636,2.8551735804000002,0
0.182065,9.4218,0.452566,7,46.3028,0.48881,-0.270501,22.633271668,0
0.802627,42.9454,0.804029,1,73.8814,0.467711,-0.0014020000000000143,34.5551434754,1
0.123558,1.3686,0.131529,14,28.6615,0.392841,-0.007971000000000006,11.2594123215,0
0.111143,1.7978,0.315441,14,26.0804,0.117405,-0.20429800000000004,3.061969362,0
0.3565,11.7586,0.464574,10,32.8647,0.177634,-0.108074,5.8378881198,0
0.383525,13.8717,0.211533,11,38.0694,0.473479,0.171992,18.0250614426,1
0.559133,33.3342,0.77574,4,43.7137,0.942939,-0.216607,41.2193525643,1
0.313027,5.5121,0.375239,7,8.0423,0.129294,-0.06221199999999999,1.0398211361999998,0
0.123739,2.2606,0.166497,11,21.9054,0.181221,-0.042758000000000004,3.9697184934,0
0.093766,5.1212,0.177621,13,26.0047,0.26566,-0.083855,6.908408602,0
0.018134,4.5026,0.408164,10,23.6248,0.607795,-0.39003000000000004,14.359035316,1
0.20573,8.1299,0.311634,7,47.1133,0.320244,-0.10590400000000003,15.0877516452,0
0.004019,1.3231,0.00482,11,14.9272,0.1071,-0.0008009999999999996,1.59870312,0
0.118362,6.0208,0.138953,9,29.2989,0.08101,-0.020590999999999998,2.3735038889999998,0
0.003479,18.7774,0.35861,10,15.7282,0.213959,-0.355131,3.3651899438,1
0.32791,6.741,0.696159,3,75.3927,0.14024,-0.368249,10.573072248,1
0.0,0.0,0.181781,14,25.2172,0.273839,-0.181781,6.9054528308,0
0.426417,11.2751,0.589087,6,39.0136,0.199208,-0.16267000000000004,7.7718212287999995,1
0.014424,2.3919,0.094131,14,26.6126,0.510893,-0.079707,13.596191051800002,0
0.374105,22.7504,0.256426,5,45.9665,0.381761,0.11767900000000003,17.548217006500003,1
0.068077,3.9974,0.120207,14,15.6009,0.41498,-0.052129999999999996,6.474061482,0
0.025589,4.5065,0.088059,11,23.2974,0.285634,-0.06247,6.6545295516,0
0.024941,6.6475,0.156372,12,14.6284,0.324418,-0.13143100000000002,4.745716271199999,0
0.466668,56.5994,0.418462,1,78.2345,0.480805,0.04820600000000003,37.615538772499995,1
0.125941,3.7252,0.414552,9,18.4791,0.006847,-0.28861099999999995,0.1265263977,0
0.151102,8.619,0.341036,7,32.2513,0.189035,-0.18993400000000002,6.0966244955,0
0.192769,16.3758,0.444433,6,29.076,0.317529,-0.251664,9.232473204,0
0.561985,29.4366,0.858009,2,66.838,0.9464,-0.29602400000000006,63.25548319999999,1
0.305998,6.0859,0.043608,9,23.6929,0.436246,0.26239,10.335932853400001,0
0.62467,63.1764,0.677464,0,81.4356,0.766137,-0.05279400000000001,62.39082627719999,1
0.490133,19.0093,0.240349,10,40.8701,0.544768,0.24978399999999998,22.264722636800002,0
0.173576,31.5749,0.748048,5,29.5383,0.456387,-0.5744720000000001,13.480896122099999,0
0.249382,13.7669,0.475069,5,30.8631,0.061603,-0.22568700000000003,1.9012595493,0
0.346815,33.1264,0.559292,6,46.2956,0.78467,-0.21247700000000003,36.326768451999996,0
0.07544,7.0715,0.623549,14,19.1156,0.415311,-0.5481090000000001,7.9389189516,0
0.658347,26.5347,0.765686,0,52.9846,0.351478,-0.10733899999999996,18.6229212388,1
0.112757,3.0535,0.082844,9,9.291,0.214316,0.029912999999999995,1.991209956,0
0.197734,27.8689,0.361161,9,32.5871,0.453177,-0.16342700000000002,14.7677242167,1
0.084493,8.7224,0.097429,14,9.0083,0.593656,-0.012936000000000003,5.347831344799999,0
0.546225,43.0974,0.323707,4,57.68,0.287624,0.22251799999999994,16.590152319999998,1
0.129469,6.3194,0.540018,5,37.6511,0.302806,-0.410549,11.4009789866,1
0.077946,2.9466,0.297198,9,18.3174,0.387128,-0.219252,7.0911784272,1
0.112273,5.0152,0.540214,9,37.3895,0.118868,-0.42794099999999996,4.444415086,0
0.946572,61.1103,0.935906,0,62.3538,0.328926,0.010665999999999953,20.5097860188,1
0.126886,5.2372,0.349309,13,32.816,0.306843,-0.22242299999999998,10.069359888,0
0.308597,9.0376,0.411053,11,37.3503,0.578705,-0.10245599999999999,21.6148053615,0
0.030405,3.0064,0.132708,10,27.889,0.313517,-0.10230299999999999,8.743675612999999,0
0.935084,84.0907,0.963436,2,82.8716,0.430136,-0.028351999999999933,35.646058537600005,0
0.082935,4.1422,0.200742,12,15.7032,0.328941,-0.11780700000000001,5.1654263112,0
0.092563,6.9332,0.638652,6,22.4177,0.650184,-0.546089,14.5756298568,0
0.082308,7.374,0.087102,10,18.2594,0.311374,-0.004793999999999993,5.685502415599999,0
0.60142,38.0222,0.597245,3,69.1036,0.633233,0.004174999999999929,43.7586799388,0
0.655597,42.7714,0.702877,2,80.3537,0.867439,-0.04727999999999999,69.7019331743,1
0.270451,8.8859,0.327973,13,9.3062,0.362174,-0.05752200000000002,3.3704636788,0
0.14736,4.7855,0.09752,12,18.6836,0.297998,0.049839999999999995,5.567675432799999,0
0.025752,1.1877,0.068884,10,10.6085,0.148905,-0.043132000000000004,1.5796586925,0
0.173695,3.7116,0.157015,12,20.47,0.244507,0.01668,5.00505829,0
0.03672,3.0409,0.315685,13,15.6412,0.20552,-0.278965,3.214579424,0
0.182877,3.0113,0.381849,10,23.1962,0.115413,-0.19897199999999998,2.6771430306000004,0
0.195788,11.991,0.44805,9,5.5379,0.190608,-0.252262,1.0555680431999999,1
0.229214,6.3996,0.080276,8,22.5022,0.095144,0.14893800000000001,2.1409493168,0
0.005263,0.0,0.206754,9,21.62,0.18559,-0.201491,4.012455800000001,0
0.024883,5.4391,0.448301,9,25.24,0.384352,-0.423418,9.70104448,0
0.0,1.1844,0.196351,9,25.6629,0.205873,-0.196351,5.2832982117,0
0.21687,8.908,0.382923,5,41.3374,0.204922,-0.166053,8.4709426828,0
0.048565,8.2974,0.296834,14,22.7267,0.025172,-0.248269,0.5720764924,0
0.253946,15.1846,0.360019,11,23.3515,0.605239,-0.10607299999999997,14.1332385085,0
0.905523,52.9788,0.910487,1,76.2489,0.926694,-0.0049640000000000795,70.6593981366,1
0.17246,9.5828,0.317733,12,36.5097,0.734629,-0.14527299999999999,26.821084401300002,0
0.30421,13.7397,0.34446,11,21.2833,0.45374,-0.04025000000000001,9.657084542,0
0.081437,7.1169,0.180131,11,17.8619,0.390114,-0.09869400000000002,6.9681772566,0
0.066555,5.6861,0.346471,14,27.6633,0.267308,-0.27991599999999994,7.3946213964,1
0.069442,3.4666,0.092715,12,17.0839,0.134949,-0.023273000000000002,2.3054552211000003,1
0.591387,36.8737,0.59749,3,75.1892,0.848332,-0.0061029999999999696,63.7854044144,0
0.078791,3.3727,0.233228,13,26.2776,0.595156,-0.154437,15.6392713056,0
0.889019,35.6856,0.781698,2,79.1279,0.805283,0.107321,63.720352695699994,1
0.324067,21.8172,0.204594,5,36.6411,0.778911,0.119473,28.540155842100003,1
0.121199,2.6979,0.054572,9,35.9304,0.302874,0.06662699999999999,10.8823839696,0
0.419147,32.6677,0.748677,5,44.0518,0.451909,-0.32953000000000005,19.907404886200002,1
0.001996,2.8727,0.198219,10,24.9254,0.298213,-0.196223,7.4330783102,0
0.089897,13.0624,0.398556,11,42.4267,0.336297,-0.308659,14.2679719299,0
0.871797,69.9691,0.831112,1,72.8543,0.68717,0.04068500000000008,50.06328933099999,1
0.077728,6.9498,0.096544,5,27.6351,0.11397,-0.018816,3.1495723470000003,0
0.030286,2.9754,0.095668,8,31.784,0.199362,-0.065382,6.3365218080000005,0
0.080785,6.8272,0.281987,13,31.6861,0.271504,-0.201202,8.602902894400001,0
0.425465,22.4313,0.104083,9,25.2494,0.158524,0.321382,4.0026358856,0
0.165833,3.6012,0.220934,12,11.6856,0.047976,-0.05510099999999998,0.5606283456,0
0.2825,15.1867,0.634509,9,21.0022,0.518708,-0.352009,10.894009157599998,0
0.091658,4.3061,0.036471,11,14.2678,0.22385,0.055187,3.1938470299999997,0
0.147615,4.9014,0.064977,11,30.0906,0.174288,0.082638,5.244430492799999,0
0.0,3.7505,0.310671,12,29.105,0.504749,-0.310671,14.690719645,0
0.32986,24.8133,0.578288,5,63.8112,0.557729,-0.24842800000000004,35.5893567648,1
0.03226,6.2927,0.211296,12,8.268,0.24288,-0.17903600000000003,2.0081318400000003,0
0.196541,11.3872,0.196266,7,43.3017,0.459575,0.00027499999999999747,19.9003787775,0
0.110784,3.7077,0.121911,8,23.24,0.254417,-0.011127000000000012,5.91265108,0
0.039502,1.7066,0.072622,11,30.1839,0.365961,-0.033120000000000004,11.046130227899999,0
0.204145,4.6036,0.199582,13,13.9028,0.353479,0.004562999999999984,4.9143478412,1
0.049181,7.6697,0.385142,9,28.5847,0.17254,-0.33596099999999995,4.932004138,0
0.019873,3.624,0.086877,14,19.6017,0.266325,-0.067004,5.2204227525,0
0.919625,74.0306,0.786525,1,57.5921,0.594323,0.1331,34.228309648300005,1
0.054326,3.2747,0.055512,9,21.6701,0.257626,-0.0011859999999999996,5.582781182600001,1
0.154061,5.3975,0.082496,11,11.5654,0.205189,0.071565,2.3730928606000004,0
0.039787,4.6388,0.033829,14,30.0302,0.239532,0.005958000000000005,7.1931938664,0
0.298418,43.3531,0.728715,4,60.0409,0.230268,-0.430297,13.8254979612,1
0.212822,9.4179,0.059281,9,24.7487,0.176515,0.153541,4.3685167805,0
0.381398,17.7333,0.24123,8,22.2366,0.33062,0.14016800000000001,7.351864692,0
0.126886,5.2372,0.349309,13,32.816,0.306843,-0.22242299999999998,10.069359888,0
0.270618,11.6651,0.340397,9,23.5794,0.384077,-0.06977899999999998,9.0563052138,0
0.218755,7.2917,0.097501,14,16.8148,0.290556,0.121254,4.8856410288,1
0.276133,6.2363,0.433696,5,14.9989,0.342517,-0.157563,5.1373782313000005,0
0.657568,46.7928,0.483474,4,58.6827,0.360648,0.17409400000000003,21.1637983896,1
0.131531,7.3239,0.241613,8,24.9218,0.10047,-0.11008199999999999,2.503893246,0
0.221395,9.9572,0.725188,11,31.8742,0.395258,-0.503793,12.5985325436,0
0.131587,13.8039,0.246711,5,28.3639,0.587641,-0.115124,16.6677905599,0
0.253023,5.944,0.422661,9,18.8702,0.05005,-0.169638,0.94445351,0
0.337432,4.9578,0.248284,10,42.2046,0.292997,0.089148,12.3658211862,0
0.106617,4.6402,0.048896,8,13.0229,0.101233,0.057721,1.3183472357000001,0
0.132735,8.0581,0.265643,5,37.4556,0.612063,-0.13290800000000003,22.9251869028,0
0.250111,7.0824,0.130278,10,29.1222,0.426713,0.11983300000000002,12.4268213286,0
0.551808,14.8535,0.091373,8,37.8792,0.118054,0.460435,4.4717910768,0
0.196541,11.3872,0.196266,7,43.3017,0.459575,0.00027499999999999747,19.9003787775,0
0.597412,19.822,0.511019,4,56.2795,0.784879,0.08639300000000005,44.1725976805,0
0.407625,15.8492,0.642233,2,69.0226,0.894913,-0.23460800000000004,61.76922203379999,1
0.056028,7.8992,0.282587,11,31.7418,0.037198,-0.22655899999999998,1.1807314764,0
0.129397,8.2842,0.435984,10,26.7243,0.441576,-0.30658699999999994,11.800809496800001,0
0.464944,14.2698,0.100591,7,39.265,0.29075,0.36435300000000004,11.416298750000001,1
0.116615,10.2669,0.117348,11,20.3566,0.170352,-0.0007329999999999975,3.4677875232,0
0.107208,3.0696,0.330333,12,15.5866,0.360233,-0.223125,5.614807677800001,0
0.589492,16.7546,0.514748,0,77.27,0.336764,0.07474400000000003,26.02175428,1
0.029822,0.0413,0.168994,12,16.2431,0.154754,-0.13917200000000002,2.5136846974,0
0.097493,10.1818,0.195726,10,47.0982,0.474346,-0.09823300000000001,22.3408427772,0
0.277128,20.5783,0.522418,5,28.0453,0.332511,-0.24529000000000006,9.325370748300001,0
0.112732,5.1131,0.160546,8,27.2505,0.226546,-0.047813999999999995,6.173491772999999,0
0.278462,4.9895,0.231655,9,29.8555,0.465345,0.04680699999999999,13.893107647499999,1
0.419458,44.8543,0.502432,1,64.7332,0.727413,-0.08297399999999999,47.08777121159999,0
0.921291,50.566,0.881652,2,76.8405,0.942791,0.03963899999999998,72.44453183550002,1
0.10453,2.352,0.014362,9,30.524,0.187521,0.090168,5.723891004,0
0.162958,16.7803,0.475638,7,36.025,0.526194,-0.31268,18.956138850000002,0
0.148629,11.18,0.467291,10,38.0987,0.133894,-0.318662,5.101187337800001,0
0.093227,3.9689,0.077363,13,25.9588,0.247657,0.015864000000000003,6.4288785316,0
0.025919,0.8462,0.123918,10,16.6065,0.459338,-0.097999,7.627996497000001,0
0.009123,11.5152,0.044669,8,26.4275,0.595264,-0.035546,15.73133936,0
0.192872,6.0601,0.032804,13,31.7789,0.185082,0.160068,5.8817023698,0
0.709953,15.9614,0.444111,5,36.5517,0.553395,0.26584199999999997,20.227528021499996,1
0.134901,3.9023,0.306955,14,27.0203,0.317578,-0.17205399999999998,8.581052833400001,0
0.168429,5.5271,0.085971,11,21.5793,0.165563,0.08245799999999999,3.5727336458999996,0
0.379161,18.4215,0.772033,6,48.3008,0.686643,-0.39287199999999994,33.1654062144,1
0.108373,3.8311,0.380072,12,35.6265,0.48074,-0.271699,17.12708361,0
0.103057,15.4792,0.51023,6,28.3774,0.126949,-0.40717299999999995,3.6024825526,0
0.037906,3.2185,0.166135,11,8.9209,0.090733,-0.128229,0.8094200196999999,0
0.034746,3.3388,0.18103,13,13.2345,0.401885,-0.146284,5.3187470325,0
0.062643,2.7116,0.039584,11,44.0715,0.519165,0.023059000000000003,22.8803802975,0
0.018892,5.7984,0.190217,9,15.0474,0.597289,-0.171325,8.987646498599998,0
0.103852,4.5243,0.076241,8,25.1445,0.279456,0.027610999999999997,7.026781392,0
0.09673,3.5034,0.172121,11,34.5999,0.359606,-0.075391,12.442331639399999,0
0.827582,68.6877,0.661936,1,58.7141,0.937324,0.16564600000000007,55.034135068400005,1
0.250157,6.5885,0.027387,8,27.1479,0.82406,0.22277000000000002,22.371498474,0
0.105174,15.0129,0.078766,11,18.5069,0.208317,0.026408,3.8553018873000005,0
0.875867,90.0,0.875628,1,79.42,0.425007,0.00023899999999998922,33.75405594,1
0.306909,20.4907,0.526382,2,59.2691,0.577504,-0.21947300000000003,34.228142326400004,1
0.015295,0.0,0.397758,14,10.248,0.332715,-0.382463,3.4096633199999995,0
0.410299,12.8296,0.337711,5,22.1325,0.626693,0.07258800000000004,13.870282822499998,0
0.187492,21.6946,0.614684,11,43.4445,0.443584,-0.427192,19.271285088,1
0.585358,39.7202,0.885946,1,72.8901,0.685877,-0.30058799999999997,49.9936431177,1
0.299242,20.0803,0.355885,8,30.5761,0.075533,-0.056643,2.3095045613000003,0
0.00542,0.2675,0.239966,9,31.6883,0.426887,-0.234546,13.5273233221,0
0.257828,21.493,0.300617,6,34.4356,0.134241,-0.04278900000000002,4.6226693796000005,0
0.340379,9.9271,0.112238,6,6.948,0.661018,0.22814099999999998,4.592753064,0
0.074426,22.5067,0.656908,8,42.071,0.305688,-0.582482,12.860599848,0
0.093227,3.9689,0.077363,13,25.9588,0.247657,0.015864000000000003,6.4288785316,0
0.044308,14.0923,0.432833,5,27.6082,0.586977,-0.388525,16.205378411399998,0
0.650095,27.7747,0.899816,4,45.4864,0.66236,-0.24972099999999997,30.128371904,1
0.021055,1.9214,0.334207,12,11.4898,0.140633,-0.313152,1.6158450434000002,0
0.503903,34.9049,0.823462,0,88.1746,0.540962,-0.31955900000000004,47.69910796520001,1
0.57734,24.2591,0.405831,2,77.4014,0.567323,0.17150899999999997,43.9115944522,1
0.162821,5.9796,0.047415,9,18.8499,0.480204,0.115406,9.051797379600002,0
0.182065,9.4218,0.452566,7,46.3028,0.48881,-0.270501,22.633271668,0
0.860394,46.2332,0.738521,1,85.2366,0.853583,0.12187300000000001,72.7565127378,0
0.604477,30.963,0.669804,3,96.5149,0.390425,-0.06532699999999991,37.6818298325,0
0.598717,31.1575,0.2192,0,95.5652,0.612312,0.37951700000000005,58.5157187424,0
0.374557,15.8404,0.383749,4,41.894,0.557521,-0.009192000000000033,23.356784774,0
0.291792,15.9375,0.34132,11,31.8931,0.38799,-0.049528000000000016,12.374203869,0
0.54808,35.528,0.665619,3,68.3507,0.236169,-0.11753899999999995,16.1423164683,0
0.002641,1.7618,0.251485,10,30.6084,0.272711,-0.248844,8.3472473724,0
0.06443,3.3666,0.04194,13,2.0486,0.262292,0.022490000000000003,0.5373313912000001,0
0.022131,3.4716,0.203403,11,25.282,0.116531,-0.181272,2.9461367419999998,0
0.853204,48.1722,0.820346,2,77.0734,0.402188,0.03285799999999994,30.9979965992,1
0.30916,6.2059,0.071265,9,17.6186,0.308713,0.237895,5.4390908618000005,0
0.344968,6.6413,0.26234,10,11.5497,0.181047,0.08262799999999998,2.0910385359,0
0.406928,16.2449,0.228294,6,32.309,0.351863,0.17863400000000001,11.368341667,0
0.093722,4.063,0.118142,9,14.7117,0.059729,-0.024419999999999997,0.8787151293,1
0.221289,18.4577,0.256329,11,42.4145,0.580183,-0.03503999999999996,24.6081718535,0
0.341267,21.0332,0.301455,8,28.8587,0.213397,0.039812000000000014,6.1583600038999995,0
0.473985,13.0083,0.094743,6,28.0946,0.494081,0.37924199999999997,13.8810080626,0
0.030164,8.3375,0.101997,8,24.2333,0.350444,-0.07183300000000001,8.492414585199999,0
0.398263,21.6905,0.38764,4,65.8052,0.414725,0.010622999999999994,27.29106157,0
0.605243,32.5318,0.597892,1,68.3138,0.485582,0.007350999999999996,33.1719516316,1
0.054717,3.3318,0.097253,9,20.003,0.231453,-0.042536000000000004,4.629754359,0
0.169824,15.1583,0.177368,10,18.6015,0.250453,-0.007543999999999995,4.6588014795,0
0.012563,9.2853,0.192077,10,12.8808,0.035342,-0.179514,0.4552332336,0
0.895426,51.2708,0.576944,2,60.0223,0.898683,0.31848200000000004,53.9410206309,1
0.899895,75.1432,0.789439,0,80.7775,0.842812,0.110456,68.08024633000001,1
0.410299,12.8296,0.337711,5,22.1325,0.626693,0.07258800000000004,13.870282822499998,0
0.018323,1.7045,0.037605,12,8.182,0.452152,-0.019282,3.699507664,0
0.079559,2.0678,0.480282,8,16.361,0.108556,-0.400723,1.7760847160000002,1
0.09421,5.3511,0.415743,8,47.6086,0.510737,-0.32153299999999996,24.315473538200003,0
0.285715,17.0198,0.258887,6,48.8552,0.647191,0.02682800000000002,31.618645743200002,0
0.140265,9.4979,0.149329,7,26.9247,0.38197,-0.009063999999999989,10.284427659,0
0.110798,3.7004,0.247283,11,19.6966,0.283994,-0.13648500000000002,5.5937162204,0
0.195848,5.4595,0.40645,7,21.4963,0.330691,-0.21060199999999998,7.108632943300001,0
0.018892,5.7984,0.190217,9,15.0474,0.597289,-0.171325,8.987646498599998,0
0.424128,32.2759,0.295193,4,36.9629,0.456356,0.12893500000000002,16.8682411924,1
0.102775,41.6088,0.685318,9,37.345,0.595866,-0.582543,22.25261577,0
0.596673,20.8007,0.854869,3,73.0454,0.480366,-0.258196,35.0885266164,1
0.080593,2.0226,0.208625,10,16.0002,0.574613,-0.128032,9.1939229226,0
0.332232,6.0787,0.183718,8,13.7965,0.104269,0.14851400000000003,1.4385472585,0
0.065725,2.3753,0.294513,11,30.9622,0.274489,-0.22878800000000002,8.498783315799999,0
0.221289,18.4577,0.256329,11,42.4145,0.580183,-0.03503999999999996,24.6081718535,0
0.0,0.8296,0.0845,9,22.3562,0.118543,-0.0845,2.6501710166,0
0.089532,5.9913,0.037187,13,24.0421,0.32921,0.052345,7.914899741,0
0.133345,5.6181,0.699232,5,33.6757,0.265829,-0.565887,8.951977655299999,0
0.862496,76.0752,0.787566,1,80.5604,0.691411,0.07493000000000005,55.7003467244,1
0.038316,6.4398,0.130507,10,18.3068,0.82818,-0.09219100000000001,15.161325624,0
0.36627,25.6676,0.687158,5,51.2757,0.669974,-0.32088800000000006,34.3533858318,0
0.145982,8.7886,0.230768,14,19.0129,0.299653,-0.084786,5.6972725237,0
0.208331,9.8782,0.117918,8,33.2411,0.405709,0.090413,13.4862134399,0
0.050141,2.9708,0.284376,7,40.9986,0.610839,-0.23423500000000003,25.043543825400004,0
0.057335,0.3963,0.134972,14,12.0784,0.038656,-0.07763700000000001,0.4669026304,0
0.005183,0.0,0.039162,13,8.0941,0.200165,-0.033979,1.6201555264999998,0
0.147357,7.3217,0.096861,8,36.5925,0.193908,0.050495999999999985,7.09557849,0
0.090371,18.117,0.213717,6,32.3336,0.25563,-0.12334599999999998,8.265438168,0
0.90818,68.9224,0.591985,1,85.7756,0.777852,0.316195,66.7207220112,1
0.398061,25.0805,0.460556,2,65.7406,0.311729,-0.06249500000000002,20.4932514974,0
0.419745,29.4568,0.398003,2,65.6777,0.419693,0.021741999999999984,27.5644709461,1
0.034263,10.506,0.212712,13,29.1417,0.372079,-0.17844900000000002,10.8430145943,0
0.358829,25.3275,0.606904,3,63.5648,0.819014,-0.248075,52.0604611072,1
0.135197,3.3561,0.081541,13,31.7975,0.063356,0.05365600000000001,2.01456241,0
0.207743,5.1958,0.099384,11,23.5013,0.44386,0.10835900000000001,10.431287017999999,0
0.041518,5.0311,0.043492,9,23.3418,0.054751,-0.0019740000000000035,1.2779868918,0
0.12138,18.5919,0.321007,6,22.9879,0.205271,-0.199627,4.7187492209,0
0.158682,7.9144,0.404526,8,31.5111,0.188377,-0.245844,5.9359664847,0
0.051374,6.4025,0.378524,5,28.0127,0.040322,-0.32715000000000005,1.1295280894,0
0.348589,20.5497,0.423483,5,34.7441,0.335007,-0.07489400000000002,11.6395167087,0
0.296635,5.0533,0.317973,12,25.655,0.09388,-0.021338000000000024,2.4084914000000004,0
0.456724,7.7733,0.09907,13,37.7841,0.399812,0.357654,15.106536589200001,0
0.325082,5.8384,0.116468,8,17.2825,0.082866,0.20861399999999997,1.432131645,0
0.110926,3.758,0.072945,11,35.6782,0.510073,0.037981,18.1984865086,0
0.410944,39.2206,0.377166,2,54.7486,0.322494,0.033777999999999975,17.6560950084,0
0.160712,4.8089,0.337728,7,32.8033,0.215088,-0.17701599999999998,7.0555961904,1
0.068421,0.0,0.157631,13,33.2957,0.199352,-0.08921,6.637564386399999,0
0.144065,11.6103,0.583754,9,29.8954,0.154307,-0.439689,4.6130694878,1
0.127138,6.4852,0.460139,10,21.1524,0.389702,-0.333001,8.2431325848,0
0.138261,2.5054,0.378513,12,20.8793,0.358004,-0.240252,7.4748729172,0
0.0,0.0,0.183209,12,17.5677,0.24289,-0.183209,4.267018652999999,0
0.393291,32.0182,0.552097,3,48.6761,0.521964,-0.15880599999999995,25.4071718604,1
0.285079,22.8771,0.337382,11,34.051,0.018057,-0.05230299999999999,0.614858907,1
0.100505,22.5454,0.116489,11,47.0372,0.413812,-0.015983999999999998,19.4645578064,0
0.086979,0.5786,0.15676,12,9.8705,0.305628,-0.06978100000000001,3.016701174,1
0.402963,9.3487,0.075351,5,25.8282,0.540208,0.327612,13.9526002656,0
0.079853,2.039,0.18355,9,38.2302,0.565265,-0.103697,21.610194003000004,0
0.145634,9.1135,0.080327,9,22.52,0.134044,0.06530700000000002,3.0186708799999997,1
0.086078,1.9307,0.023951,14,4.9251,0.083192,0.062127,0.4097289192,0
0.003582,3.9024,0.027546,9,32.1756,0.189139,-0.023964,6.085660808400001,0
0.249477,8.3406,0.241627,5,32.1849,0.089971,0.007849999999999996,2.8957076378999997,0
0.044191,4.5953,0.053019,12,17.0689,0.185264,-0.008827999999999996,3.1622526896000003,0
0.144149,7.0756,0.25909,7,26.2676,0.251903,-0.11494099999999999,6.6168872428,1
0.039264,6.7986,0.182057,13,31.3052,0.190088,-0.142793,5.9507428576,0
0.28089,11.3484,0.1734,9,34.7044,0.149142,0.10748999999999997,5.1758836248,0
0.181603,5.5194,0.113329,11,20.9522,0.057609,0.06827399999999999,1.2070352898,0
0.879107,56.6194,0.750235,2,45.9453,0.707785,0.128872,32.5193941605,1
0.136947,4.5184,0.516889,12,29.7725,0.200923,-0.379942,5.9819800175,0
0.185459,5.7874,0.228283,13,26.0817,0.420085,-0.042824,10.9565309445,0
0.161733,6.6487,0.151788,14,18.8786,0.373899,0.009944999999999982,7.058689661399999,0
0.032224,4.8093,0.083704,8,18.1257,0.260264,-0.05148,4.717467184799999,1
0.023824,3.0262,0.155003,9,25.1748,0.168599,-0.131179,4.2444461052,0
0.115934,1.3925,0.22823,14,32.7293,0.499001,-0.11229599999999999,16.3319534293,0
0.09673,3.5034,0.172121,11,34.5999,0.359606,-0.075391,12.442331639399999,0
0.251075,14.8632,0.495032,5,36.8214,0.425553,-0.24395700000000003,15.6694572342,0
0.022292,1.6844,0.102651,12,25.1416,0.542499,-0.08035900000000001,13.6392928584,1
0.410944,39.2206,0.377166,2,54.7486,0.322494,0.033777999999999975,17.6560950084,0
0.0,1.1332,0.17382,12,23.2877,0.312051,-0.17382,7.266950072700001,0
0.045509,4.3612,0.086803,11,13.3934,0.412264,-0.041294000000000004,5.5216166576,1
0.144803,5.9654,0.126353,14,14.9006,0.088248,0.018449999999999994,1.3149481487999999,0
0.011615,8.1856,0.191832,10,18.9022,0.027698,-0.18021700000000002,0.5235531356,0
0.048755,3.09,0.463666,13,14.353,0.547556,-0.41491100000000003,7.859071268,0
0.362256,36.811,0.306641,1,44.26,0.433066,0.055615000000000026,19.16750116,0
0.36722,31.1549,0.750558,6,73.3784,0.486755,-0.38333799999999996,35.717303092,1
0.332885,12.1624,0.389587,10,10.3424,0.174501,-0.05670200000000003,1.8047591423999998,1
0.022131,3.4716,0.203403,11,25.282,0.116531,-0.181272,2.9461367419999998,0
0.098967,20.7366,0.184053,11,16.1498,0.281573,-0.085086,4.5473476354,1
0.001996,2.8727,0.198219,10,24.9254,0.298213,-0.196223,7.4330783102,0
0.013123,2.2533,0.011166,12,24.8723,0.464191,0.0019569999999999987,11.5454978093,0
0.17371,6.8978,0.142475,10,20.789,0.244756,0.031235000000000013,5.088232484000001,1
0.02271,5.0362,0.487648,12,16.2019,0.431449,-0.464938,6.9902935531,0
0.0,0.6342,0.449684,9,12.8295,0.282556,-0.449684,3.6250522019999996,0
0.275416,19.077,0.361237,5,15.2309,0.395967,-0.08582099999999998,6.0309337803,0
0.28461,7.1788,0.347521,8,26.0164,0.512954,-0.06291100000000005,13.3452164456,1
0.420489,14.7854,0.358748,9,26.5719,0.149768,0.06174099999999999,3.9796203192000004,1
0.007061,2.5921,0.042407,11,16.6081,0.442496,-0.035346,7.3490178176,0
0.043193,2.8027,0.281849,11,34.665,0.232652,-0.238656,8.06488158,0
0.109742,4.3294,0.100605,14,31.7418,0.327414,0.009137000000000006,10.3927097052,0
0.285993,4.0691,0.317326,12,35.812,0.438859,-0.031333,15.716418507999999,0
0.173083,2.827,0.348536,11,18.5385,0.296143,-0.17545300000000003,5.490047005499999,0
0.081478,4.7861,0.038399,14,21.1373,0.602715,0.04307899999999999,12.7397677695,0
0.209554,3.4398,0.15039,10,26.574,0.528632,0.059163999999999994,14.047866768,0
0.132704,4.0137,0.053198,10,14.3318,0.473653,0.079506,6.7883000654,0
0.105052,1.9237,0.540673,13,16.9964,0.29551,-0.4356209999999999,5.022606164,0
0.37986,24.8964,0.706724,1,68.0792,0.853443,-0.32686400000000004,58.101716685599996,1
0.074426,22.5067,0.656908,8,42.071,0.305688,-0.582482,12.860599848,0
0.0,1.5704,0.196254,12,10.6982,0.249619,-0.196254,2.6704739858,0
0.09929,2.7075,0.010413,11,36.6451,0.376433,0.088877,13.7944249283,0
0.18962,33.3332,0.212781,9,48.2509,0.64277,-0.023160999999999987,31.014230992999998,1
0.678255,52.376,0.566283,2,63.8353,0.550758,0.11197200000000007,35.1578021574,1
0.882929,72.6744,0.822354,0,50.9161,0.599807,0.060574999999999934,30.539833192699998,1
0.468229,16.894,0.539117,10,30.6184,0.18193,-0.07088799999999995,5.570405512000001,0
0.076777,0.4116,0.067568,14,30.8603,0.558071,0.009208999999999995,17.2222384813,0
0.906924,68.0605,0.648769,0,67.0369,0.651092,0.2581549999999999,43.6471892948,1
0.384065,27.0788,0.657725,3,57.0063,0.532953,-0.27366,30.381678603900003,1
0.06381,6.5259,0.246299,5,14.7668,0.035468,-0.18248899999999998,0.5237488624,0
0.402082,23.3637,0.680219,5,32.975,0.448322,-0.278137,14.78341795,1
0.275292,8.8996,0.099264,14,23.6602,0.199102,0.17602799999999996,4.7107931404,0
0.000544,2.3332,0.212602,14,5.4355,0.094301,-0.21205800000000002,0.5125730855,0
0.081513,4.2808,0.003677,12,13.6705,0.14808,0.077836,2.02432764,0
0.345746,13.6786,0.1521,7,24.1583,0.091587,0.19364599999999998,2.2125862221,0
0.095347,0.0,0.074775,13,17.1499,0.230615,0.020572000000000007,3.9550241884999995,0
0.31684,5.8517,0.215165,8,27.3832,0.130818,0.10167500000000002,3.5822154575999994,0
0.054319,4.9442,0.368028,7,32.075,0.146191,-0.313709,4.689076325,0
0.162779,21.4203,0.304712,11,47.4275,0.552472,-0.14193299999999998,26.20236578,0
0.135075,3.7258,0.136663,8,20.3845,0.455455,-0.001588000000000006,9.2842224475,0
0.110784,3.7077,0.121911,8,23.24,0.254417,-0.011127000000000012,5.91265108,0
0.554356,26.8451,0.502369,1,60.3357,0.87778,0.051987000000000005,52.961470746,1
0.082436,2.6509,0.153349,10,22.3116,0.379021,-0.07091300000000002,8.4565649436,0
0.092663,3.3147,0.114366,10,8.8577,0.094043,-0.021703,0.8330046810999999,0
0.984271,71.2494,1.0,1,63.7044,0.959017,-0.015728999999999993,61.0936025748,1
0.106294,6.2575,0.114384,7,35.2546,0.425595,-0.00809,15.004181487000002,0
0.118455,9.0843,0.046224,13,33.2734,0.675718,0.072231,22.483435301200004,0
0.013042,0.9388,0.242732,9,22.3601,0.160091,-0.22969,3.5796507691,0
0.111143,1.7978,0.315441,14,26.0804,0.117405,-0.20429800000000004,3.061969362,0
0.037966,0.1119,0.250958,10,18.1087,0.48407,-0.21299200000000001,8.765878408999999,0
0.386119,26.3206,0.649735,2,46.9522,0.248828,-0.26361599999999996,11.6830220216,1
0.2543,28.9949,0.306646,6,25.9938,0.306742,-0.05234599999999995,7.973390199600001,0
0.020227,1.4265,0.104954,8,11.5479,0.209226,-0.08472700000000001,2.4161209254,0
0.16011,4.6362,0.564223,9,27.8035,0.368013,-0.40411300000000006,10.2320494455,0
0.430985,16.6064,0.369633,3,55.7625,0.599071,0.06135200000000002,33.4056966375,1
0.389215,25.9614,0.754934,4,53.4884,0.363641,-0.365719,19.450575264399998,1
0.137002,9.2538,0.371176,8,16.9989,0.202058,-0.234174,3.4347637361999994,1
0.062193,10.1596,0.202876,8,21.9652,0.651517,-0.140683,14.3107012084,0
0.234033,2.0649,0.139823,13,10.5729,0.213422,0.09420999999999999,2.2564894638,0
0.102014,2.612,0.038885,9,15.1818,0.282733,0.06312899999999999,4.2923958594,0
0.09285,5.6628,0.155493,10,17.7493,0.189744,-0.06264299999999999,3.3678231792,1
0.140265,9.4979,0.149329,7,26.9247,0.38197,-0.009063999999999989,10.284427659,0
0.150103,4.0728,0.097746,14,9.4309,0.235277,0.05235699999999999,2.2188738593,0
0.400598,28.4019,0.353238,6,16.4122,0.324544,0.04736000000000001,5.3264810368,0
0.032602,7.3861,0.173888,12,31.9426,0.347381,-0.141286,11.096252330599999,0
0.221395,9.9572,0.725188,11,31.8742,0.395258,-0.503793,12.5985325436,0
0.007713,1.8913,0.414617,9,0.0,0.060587,-0.406904,0.0,0
0.660766,48.8401,0.747534,0,78.0277,0.696528,-0.08676800000000007,54.3484778256,1
0.18984,5.2363,0.109878,12,20.3231,0.276578,0.079962,5.6209223518,0
0.270618,11.6651,0.340397,9,23.5794,0.384077,-0.06977899999999998,9.0563052138,0
0.194822,10.6578,0.094496,7,23.5651,0.387291,0.100326,9.1265511441,0
0.036485,3.0129,0.018995,8,16.5932,0.397452,0.017489999999999995,6.595000526400001,0
0.101256,0.459,0.036229,13,24.6318,0.454754,0.065027,11.2014095772,0
0.034723,1.5236,0.117622,11,16.1681,0.307357,-0.082899,4.969378711699999,0
0.069736,3.9845,0.3633,14,22.7795,0.405546,-0.293564,9.238135107,0
0.070187,4.8707,0.138321,8,34.3506,0.195988,-0.068134,6.7323053928,0
0.205257,5.9857,0.224726,14,20.0347,0.745625,-0.019469000000000014,14.9383731875,1
0.225623,4.291,0.200281,13,29.8485,0.544235,0.025342000000000003,16.244598397500003,1
0.824626,47.8814,0.705139,1,69.8581,0.189387,0.11948700000000001,13.2302159847,1
0.390686,10.7076,0.521858,4,50.2268,0.428111,-0.13117200000000007,21.5026455748,0
0.318724,5.0052,0.533117,10,24.1596,0.267144,-0.21439299999999994,6.4540921824,0
0.278073,11.8598,0.035783,12,12.9308,0.298273,0.24229,3.8569085084,0
0.450326,23.1397,0.438611,4,67.3626,0.399585,0.011715000000000031,26.917084521000003,1
0.025919,0.8462,0.123918,10,16.6065,0.459338,-0.097999,7.627996497000001,0
0.96005,34.9293,0.857476,0,92.8548,0.858768,0.10257399999999994,79.7407308864,1
0.0,0.9607,0.085576,10,29.2305,0.579945,-0.085576,16.9520823225,0
0.162779,21.4203,0.304712,11,47.4275,0.552472,-0.14193299999999998,26.20236578,0
0.145034,19.8856,0.395973,10,37.0547,0.6007,-0.250939,22.25875829,1
0.104408,9.1516,0.005859,10,15.2754,0.521373,0.098549,7.9641811242,0
0.11119,10.7325,0.498765,7,45.7291,0.285562,-0.387575,13.0584932542,0
0.234229,9.3496,0.055442,11,26.1993,0.535091,0.178787,14.0190096363,1
0.909955,60.7843,0.475639,2,59.6369,0.747391,0.434316,44.5720823279,1
0.280638,9.5868,0.24123,7,16.7029,0.345949,0.039408,5.7783515521,0
0.094842,5.0898,0.396719,5,39.206,0.377522,-0.301877,14.801127532000002,1
0.270906,24.5565,0.30119,2,57.8552,0.215967,-0.030284000000000033,12.4948139784,1
0.356266,10.7615,0.035562,12,10.0412,0.067308,0.32070400000000004,0.6758530896,0
0.675764,55.737,0.798497,2,64.1553,0.68963,-0.12273299999999998,44.243419538999994,1
0.373062,17.2681,0.440751,3,74.7244,0.624387,-0.067689,46.656943942800005,1
0.339472,5.9064,0.325385,14,15.3319,0.621256,0.014087000000000016,9.5250348664,0
0.209554,3.4398,0.15039,10,26.574,0.528632,0.059163999999999994,14.047866768,0
0.108259,4.9462,0.106602,14,29.7352,0.055932,0.0016569999999999918,1.6631492064,0
0.04459,2.4311,0.396701,11,33.9577,0.377139,-0.352111,12.806773020300001,0
0.000878,2.2541,0.274223,12,28.9153,0.504819,-0.273345,14.5969928307,0
0.30916,6.2059,0.071265,9,17.6186,0.308713,0.237895,5.4390908618000005,0
0.144341,8.0362,0.240641,13,27.5728,0.311318,-0.0963,8.5839089504,0
0.520736,77.9203,0.612641,4,58.3034,0.512887,-0.09190500000000001,29.9030559158,1
0.007061,2.5921,0.042407,11,16.6081,0.442496,-0.035346,7.3490178176,0
0.207278,12.1926,0.232344,7,34.1447,0.61555,-0.025066000000000005,21.017770085000002,0
0.337432,4.9578,0.248284,10,42.2046,0.292997,0.089148,12.3658211862,0
0.340134,6.8258,0.217767,12,31.8363,0.122475,0.122367,3.8991508425,0
0.049367,9.6175,0.441888,8,20.9104,0.321166,-0.392521,6.7157095263999995,0
0.277128,20.5783,0.522418,5,28.0453,0.332511,-0.24529000000000006,9.325370748300001,0
0.361068,4.3078,0.119395,9,23.1401,0.29767,0.241673,6.8881135669999995,0
0.081478,4.7861,0.038399,14,21.1373,0.602715,0.04307899999999999,12.7397677695,0
0.275694,12.4218,0.243844,10,26.54,0.368119,0.03184999999999999,9.769878259999999,1
0.055701,2.9072,0.095371,14,32.0138,0.23134,-0.03967,7.406072492000001,0
0.219277,4.7568,0.184509,14,17.6298,0.350234,0.03476799999999999,6.1745553732,1
0.0,1.5809,0.28518,11,32.6214,0.548672,-0.28518,17.898448780800003,0
0.902199,79.7746,0.537859,0,83.4814,0.979397,0.36434,81.76143271579998,1
0.303229,13.5889,0.335226,7,36.8414,0.144594,-0.031997,5.3270453916000005,0
0.050345,2.0674,0.214949,12,16.1804,0.327766,-0.164604,5.303384986399999,1
0.108143,7.7074,0.202238,9,26.2106,0.046571,-0.094095,1.2206538526,0
0.023824,3.0262,0.155003,9,25.1748,0.168599,-0.131179,4.2444461052,0
0.152731,12.6867,0.244942,7,11.8735,0.456371,-0.09221099999999999,5.4187210685,0
0.173188,4.418,0.203903,8,20.0559,0.307276,-0.030714999999999992,6.1626967284,0
0.145499,11.3251,0.253432,6,40.2681,0.435081,-0.107933,17.519885216099997,1
0.131759,4.0684,0.181094,13,18.2404,0.282555,-0.04933500000000002,5.153916222,1
0.075737,6.6133,0.106125,9,15.3815,0.111985,-0.030388,1.7224972775,1
0.886347,90.0,0.888157,2,100.0,0.9383,-0.0018099999999999783,93.83,1
0.231982,12.6184,0.270088,5,49.6327,0.584162,-0.038106,28.9935372974,1
0.144774,9.829,0.109685,8,27.4093,0.553848,0.03508900000000001,15.1805859864,0
0.350922,20.1212,0.142065,8,5.7592,0.125538,0.20885700000000001,0.7229984496,1
0.288759,6.4689,0.365468,11,19.318,0.161077,-0.07670900000000003,3.1116854860000003,0
0.0,0.1775,0.339817,9,24.886,0.571674,-0.339817,14.226679164,0
0.897599,77.8906,0.958589,1,67.3641,0.892262,-0.06098999999999999,60.106426594199995,1
0.626401,32.5868,0.439461,2,49.7238,0.4455,0.18694,22.151952899999998,1
0.355826,12.2001,0.302205,8,44.751,0.402148,0.053620999999999974,17.996525148,0
0.083855,3.5805,0.372481,8,23.091,0.078648,-0.288626,1.816060968,0
0.492981,13.1903,0.049944,13,28.409,0.217808,0.443037,6.187707472,1
0.0,15.215,0.179298,11,22.4371,0.012752,-0.179298,0.2861178992,1
0.0,12.2063,0.194252,8,30.0293,0.381489,-0.194252,11.4558476277,0
0.221663,9.5735,0.304008,10,26.5076,0.236743,-0.082345,6.275488746800001,0
0.037766,0.0,0.274982,13,14.1644,0.232985,-0.237216,3.300092734,0
0.114015,4.0697,0.368865,11,25.8551,0.201948,-0.25485,5.2213857348,0
0.18612,3.8678,0.358918,8,33.185,0.412905,-0.172798,13.702252425000001,0
0.909929,57.5023,0.654281,2,63.6477,0.808538,0.255648,51.4615840626,1
0.110525,17.1589,0.304494,5,48.3615,0.58639,-0.193969,28.358699984999998,1
0.626102,47.9206,0.807865,2,72.7016,0.642657,-0.181763,46.722192151200005,1
0.067204,1.7178,0.311022,8,17.7777,0.107913,-0.24381800000000003,1.9184449400999999,0
0.257935,25.5906,0.333128,10,35.2627,0.223051,-0.07519299999999995,7.8653804977,0
0.125941,3.7252,0.414552,9,18.4791,0.006847,-0.28861099999999995,0.1265263977,0
0.076905,9.6535,0.313587,7,41.1385,0.40356,-0.236682,16.60185306,1
0.354893,12.3211,0.570104,2,75.6272,0.543462,-0.21521100000000004,41.100509366400004,0
0.3424,17.2201,0.476427,7,11.0613,0.34457,-0.134027,3.811392141,0
0.056694,2.9663,0.044675,10,21.462,0.088548,0.012019000000000002,1.900417176,0
0.04947,2.4703,0.39742,10,14.4548,0.384542,-0.34795,5.5584777016,1
0.656879,34.8807,0.85001,2,87.232,0.753729,-0.19313100000000005,65.749288128,1
0.036634,1.8085,0.173909,8,14.5345,0.105927,-0.137275,1.5395959814999998,1
0.604477,30.963,0.669804,3,96.5149,0.390425,-0.06532699999999991,37.6818298325,0
0.190039,2.5326,0.086284,9,13.9658,0.39491,0.10375500000000001,5.515234078,0
0.368425,11.7818,0.230839,12,25.5922,0.401254,0.137586,10.2689726188,0
0.032638,2.6732,0.156642,9,26.9679,0.212412,-0.124004,5.728305574799999,0
0.181603,5.5194,0.113329,11,20.9522,0.057609,0.06827399999999999,1.2070352898,0
0.496809,18.5375,0.35714,7,28.2244,0.227303,0.139669,6.4154907932,0
0.241693,9.3305,0.136142,9,28.2897,0.479838,0.10555099999999998,13.5744730686,0
0.186099,17.0676,0.357084,11,36.0876,0.211378,-0.17098500000000003,7.628124712800001,0
0.354762,11.6852,0.58251,3,45.8183,0.84073,-0.22774799999999995,38.520819359,1
0.316766,15.1416,0.334594,8,31.9612,0.239322,-0.01782800000000001,7.6490183064,1
0.259927,4.4343,0.235724,9,26.5458,0.301801,0.02420300000000003,8.0115489858,0
0.975711,90.0,0.767133,1,83.1189,0.71198,0.20857800000000004,59.178994421999995,1
0.025574,6.0843,0.05679,12,28.5362,0.203109,-0.031216,5.7959590458,0
0.404466,23.9189,0.32188,2,57.9985,0.782866,0.08258599999999999,45.405053701,1
0.100093,8.6928,0.276716,10,24.532,0.273278,-0.17662300000000003,6.704055896000001,0
0.020794,3.6817,0.019568,9,20.2564,0.205435,0.0012260000000000014,4.161373534,0
0.895396,48.6069,0.720385,1,76.396,0.623203,0.17501099999999992,47.610216388,1
0.200357,4.1263,0.184503,12,13.3463,0.126056,0.015854000000000007,1.6823811927999999,0
0.462969,12.1182,0.086727,5,31.4917,0.129358,0.376242,4.073703328600001,0
0.385415,17.464,0.440342,6,69.1732,0.736855,-0.054927000000000004,50.970618286,1
0.029457,1.4814,0.209269,13,22.1648,0.155332,-0.179812,3.4429027136,1
0.268375,5.8683,0.204446,14,12.5684,0.375182,0.06392899999999999,4.7154374488,0
0.062228,2.7519,0.092701,9,31.0071,0.208276,-0.030473000000000007,6.4580347596,0
0.879844,73.3607,0.604662,0,69.9214,0.769335,0.2751819999999999,53.792980269000005,1
0.012563,9.2853,0.192077,10,12.8808,0.035342,-0.179514,0.4552332336,0
0.362808,7.689,0.708489,10,39.7681,0.319565,-0.345681,12.7084928765,0
0.09929,2.7075,0.010413,11,36.6451,0.376433,0.088877,13.7944249283,0
0.911325,42.0895,0.823345,2,67.4061,0.403529,0.08798000000000006,27.2003161269,1
0.624559,19.7045,0.12868,11,43.4931,0.529849,0.49587899999999996,23.044775541899998,0
0.305918,28.7673,0.158185,3,37.3424,0.475767,0.14773300000000003,17.766281620799997,0
0.270451,8.8859,0.327973,13,9.3062,0.362174,-0.05752200000000002,3.3704636788,0
0.332642,17.3513,0.247908,10,27.9954,0.3416,0.084734,9.56322864,0
0.159569,18.0936,0.52315,7,39.0972,0.456196,-0.36358100000000004,17.8359862512,1
0.398027,26.4031,0.430026,6,53.6469,0.798436,-0.031999,42.833616248400006,0
0.318724,5.0052,0.533117,10,24.1596,0.267144,-0.21439299999999994,6.4540921824,0
0.165833,3.6012,0.220934,12,11.6856,0.047976,-0.05510099999999998,0.5606283456,0
0.267945,16.4661,0.479617,5,23.8614,0.414647,-0.21167200000000003,9.8940579258,0
0.021994,2.9063,0.05713,10,34.6583,0.311793,-0.035136,10.806215331899999,0
0.296635,5.0533,0.317973,12,25.655,0.09388,-0.021338000000000024,2.4084914000000004,0
0.032602,7.3861,0.173888,12,31.9426,0.347381,-0.141286,11.096252330599999,0
0.067189,2.7338,0.333925,9,23.8352,0.587127,-0.26673600000000003,13.994289470399998,0
0.035921,0.0,0.410246,12,13.4771,0.078368,-0.374325,1.0561733728,0
0.399736,7.7395,0.211206,11,6.9765,0.225457,0.18852999999999998,1.5729007604999998,1
0.028702,4.0734,0.516543,11,21.2537,0.051552,-0.48784099999999997,1.0956707423999998,0
0.127343,4.5201,0.259057,14,9.1734,0.152395,-0.13171399999999997,1.3979802930000003,0
0.298655,7.3882,0.033905,10,28.5644,0.472968,0.26475,13.5100471392,0
0.3738,41.9121,0.593364,3,58.1683,0.341606,-0.21956399999999998,19.8706402898,1
0.0,0.6342,0.449684,9,12.8295,0.282556,-0.449684,3.6250522019999996,0
0.042031,7.9491,0.072381,8,24.1659,0.171516,-0.030350000000000002,4.1448385044,0
0.111825,5.7942,0.585145,8,28.239,0.401064,-0.47332,11.325646296,0
0.602723,30.8139,0.52068,2,62.8283,0.569471,0.08204299999999998,35.77889482929999,1
0.136947,4.5184,0.516889,12,29.7725,0.200923,-0.379942,5.9819800175,0
0.130478,4.0436,0.060205,9,10.1822,0.219743,0.070273,2.2374671746,0
0.016333,2.4227,0.170346,11,11.0296,0.433886,-0.154013,4.7855890256,1
0.316117,18.3796,0.517229,1,35.4931,0.72931,-0.20111200000000007,25.885472761,1
0.07433,3.6785,0.251068,10,10.2681,0.211461,-0.176738,2.1713026941,0
0.619301,43.5824,0.745303,1,73.9936,0.80713,-0.12600200000000006,59.722454368,1
0.339472,5.9064,0.325385,14,15.3319,0.621256,0.014087000000000016,9.5250348664,0
0.02785,2.9295,0.299476,13,21.2523,0.027658,-0.27162600000000003,0.5877961134,0
0.100093,8.6928,0.276716,10,24.532,0.273278,-0.17662300000000003,6.704055896000001,0
0.078884,4.5051,0.506057,8,31.3346,0.332808,-0.42717299999999997,10.4284055568,0
0.069638,2.717,0.018341,13,12.3804,0.343231,0.05129700000000001,4.2493370724,0
0.055701,2.9072,0.095371,14,32.0138,0.23134,-0.03967,7.406072492000001,0
0.672021,35.3485,0.586743,2,47.8052,0.615833,0.08527799999999996,29.440019731599996,1
0.378044,12.326,0.222954,8,25.1563,0.416211,0.15508999999999998,10.4703287793,1
0.192769,16.3758,0.444433,6,29.076,0.317529,-0.251664,9.232473204,0
0.589347,38.8751,0.635892,4,89.4847,0.489527,-0.04654500000000006,43.8051767369,1
0.081437,7.1169,0.180131,11,17.8619,0.390114,-0.09869400000000002,6.9681772566,0
0.051498,8.4332,0.425114,9,23.5751,0.393024,-0.373616,9.2655801024,1
0.376203,6.4991,0.106034,8,28.7152,0.287907,0.270169,8.2673070864,0
0.0,0.1678,0.033679,12,37.3566,0.284418,-0.033679,10.6248894588,0
0.0,0.0,0.178746,13,16.0332,0.431723,-0.178746,6.921901203600001,0
0.026628,2.5214,0.094585,11,17.3167,0.202883,-0.067957,3.5132640461,0
0.122505,7.4828,0.026472,8,10.8696,0.077514,0.09603300000000001,0.8425461744,0
0.121461,3.3301,0.315323,10,26.915,0.102115,-0.19386200000000003,2.7484252249999996,0
0.143665,7.5264,0.191369,6,21.0905,0.397507,-0.047704000000000024,8.3836213835,0
0.191179,3.056,0.481925,6,31.6083,0.333871,-0.290746,10.5530947293,0
0.015999,1.7579,0.148209,12,20.7915,0.544463,-0.13221,11.3202024645,0
0.0,10.9104,0.0,8,29.0098,0.358684,0.0,10.4053511032,0
0.425465,22.4313,0.104083,9,25.2494,0.158524,0.321382,4.0026358856,0
0.059229,7.5677,0.155422,12,19.0999,0.423395,-0.096193,8.086802160500001,0
0.112644,16.8483,0.279097,10,26.4196,0.571791,-0.166453,15.1064895036,0
0.104759,0.9583,0.54967,13,7.7588,0.064684,-0.444911,0.5018702192000001,0
0.081513,4.2808,0.003677,12,13.6705,0.14808,0.077836,2.02432764,0
0.142544,3.0256,0.0,12,14.424,0.162806,0.142544,2.348313744,0
0.201732,6.4458,0.338444,8,22.2339,0.082701,-0.13671200000000003,1.8387657639,0
0.000492,0.3061,0.182765,13,20.3315,0.533848,-0.18227300000000002,10.853930612,0
0.01109,2.3491,0.400153,8,25.1703,0.572113,-0.389063,14.4002558439,0
0.496809,18.5375,0.35714,7,28.2244,0.227303,0.139669,6.4154907932,0
0.152513,13.5774,0.199536,7,38.3529,0.385733,-0.04702299999999998,14.793979175699999,0
0.23111,30.3042,0.359576,5,37.4602,0.688988,-0.128466,25.8096282776,1
0.182877,3.0113,0.381849,10,23.1962,0.115413,-0.19897199999999998,2.6771430306000004,0
0.285749,12.8676,0.209447,7,38.9058,0.426694,0.07630199999999998,16.6008714252,0
0.920604,34.6449,0.94272,2,67.7517,0.557645,-0.022116000000000025,37.78139674649999,1
0.388168,21.292,0.912367,1,57.6938,0.429491,-0.5241990000000001,24.7789678558,0
0.252607,8.904,0.37973,8,16.6961,0.220536,-0.12712299999999999,3.6820911096000004,0
0.068019,6.8052,0.209296,14,22.126,0.410917,-0.141277,9.091949542,0
0.411661,20.6704,0.066956,6,67.8766,0.833981,0.344705,56.60779474459999,0
0.025933,1.3504,0.203782,12,40.8744,0.41327,-0.17784899999999998,16.892163288000003,0
0.151102,8.619,0.341036,7,32.2513,0.189035,-0.18993400000000002,6.0966244955,0
0.057676,5.7888,0.421802,7,30.4817,0.228529,-0.364126,6.965952419300001,0
0.19349,13.549,0.400372,10,41.2959,0.058646,-0.206882,2.4218393514,0
0.423658,11.946,0.322279,6,14.315,0.399617,0.101379,5.720517355,0
0.329352,11.6492,0.372613,11,39.7564,0.137824,-0.04326100000000005,5.4793860736,0
0.195848,5.4595,0.40645,7,21.4963,0.330691,-0.21060199999999998,7.108632943300001,0
0.171614,15.9701,0.312153,6,33.9152,0.190284,-0.14053900000000003,6.4535199168,0
0.110798,3.7004,0.247283,11,19.6966,0.283994,-0.13648500000000002,5.5937162204,0
0.134624,32.5022,0.18718,7,28.3471,0.118417,-0.05255600000000002,3.3567785407,0
0.102226,5.3447,0.096625,14,27.337,0.305869,0.005600999999999995,8.361540853,0
0.216896,19.5706,0.212275,5,36.5139,0.147111,0.004621000000000014,5.371596342899999,1
0.007061,2.5921,0.042407,11,16.6081,0.442496,-0.035346,7.3490178176,0
0.064973,1.6987,0.087201,11,24.4584,0.42914,-0.022227999999999998,10.496077776000002,0
0.02785,2.9295,0.299476,13,21.2523,0.027658,-0.27162600000000003,0.5877961134,0
0.03672,3.0409,0.315685,13,15.6412,0.20552,-0.278965,3.214579424,0
0.314988,10.508,0.688033,7,34.3021,0.460097,-0.373045,15.782293303700001,0
0.072667,1.6955,0.355201,12,18.3384,0.30403,-0.282534,5.575423752000001,1
0.048634,6.6412,0.089887,8,17.9905,0.155623,-0.041253,2.7997355815000002,1
0.112644,16.8483,0.279097,10,26.4196,0.571791,-0.166453,15.1064895036,0
0.111825,5.7942,0.585145,8,28.239,0.401064,-0.47332,11.325646296,0
0.104759,0.9583,0.54967,13,7.7588,0.064684,-0.444911,0.5018702192000001,0
0.091892,19.8705,0.098608,8,33.5938,0.618851,-0.006716,20.789556723800004,0
0.180053,3.498,0.085535,8,18.3549,0.179662,0.09451799999999999,3.2976780438,0
0.217618,8.8304,0.096771,5,36.1202,0.425295,0.12084700000000001,15.361740458999998,0
0.135197,3.3561,0.081541,13,31.7975,0.063356,0.05365600000000001,2.01456241,0
0.32677,13.7835,0.634472,1,63.8214,0.528266,-0.30770200000000003,33.7146756924,1
0.936955,52.4973,0.954476,2,91.0852,0.86136,-0.01752100000000001,78.45714787200001,1
0.03226,6.2927,0.211296,12,8.268,0.24288,-0.17903600000000003,2.0081318400000003,0
0.314988,10.508,0.688033,7,34.3021,0.460097,-0.373045,15.782293303700001,0
0.173576,31.5749,0.748048,5,29.5383,0.456387,-0.5744720000000001,13.480896122099999,0
0.038316,6.4398,0.130507,10,18.3068,0.82818,-0.09219100000000001,15.161325624,0
0.042031,7.9491,0.072381,8,24.1659,0.171516,-0.030350000000000002,4.1448385044,0
0.085135,2.1746,0.13655,11,21.7956,0.620952,-0.051415,13.5340214112,0
0.262055,17.0412,0.255653,10,25.4341,0.148531,0.006401999999999963,3.7777523071,0
0.044587,1.1277,0.174981,12,13.2979,0.201865,-0.130394,2.6843805835,0
0.163593,4.7326,0.154907,12,19.2062,0.25381,0.008686,4.874725622,0
0.889444,51.5891,0.672596,0,66.6175,0.344937,0.21684800000000004,22.978840597500003,1
0.001221,0.0,0.162052,9,27.9898,0.310334,-0.160831,8.6861865932,0
0.901435,74.5983,0.868494,2,88.1594,0.559542,0.032941,49.3288869948,1
0.537705,39.8891,0.517249,0,84.8342,0.501107,0.02045600000000003,42.511011459399995,0
0.056623,5.1158,0.259191,14,13.9488,0.395919,-0.202568,5.5225949472,1
0.360171,10.4997,0.172948,10,23.8678,0.137137,0.18722300000000003,3.2731584886,0
0.111499,2.6214,0.182353,8,17.1648,0.239528,-0.07085399999999999,4.1114502144,0
0.423658,11.946,0.322279,6,14.315,0.399617,0.101379,5.720517355,0
0.158759,4.1413,0.335151,8,31.7233,0.427198,-0.17639199999999997,13.5521303134,0
0.360171,10.4997,0.172948,10,23.8678,0.137137,0.18722300000000003,3.2731584886,0
0.007713,1.8913,0.414617,9,0.0,0.060587,-0.406904,0.0,0
0.101256,0.459,0.036229,13,24.6318,0.454754,0.065027,11.2014095772,0
0.149851,3.8873,0.286978,12,29.4434,0.421087,-0.137127,12.3982329758,0
0.080168,4.1733,0.337987,9,10.234,0.207528,-0.25781899999999996,2.123841552,0
0.165044,10.6736,0.234024,12,11.7349,0.379393,-0.06898000000000001,4.4521389157,0
0.282902,7.566,0.193149,7,33.7851,0.219999,0.089753,7.4326882149,1
0.013835,2.2641,0.398366,11,21.0943,0.449277,-0.384531,9.4771838211,0
0.53531,20.2392,0.179091,7,28.1887,0.242227,0.35621899999999995,6.8280642349,1
0.329187,11.5676,0.393396,5,30.5596,0.66322,-0.06420900000000002,20.267737912,0
0.199344,5.278,0.197218,13,25.0192,0.103727,0.002125999999999989,2.5951665584000003,0
0.178104,4.9966,0.49834,11,0.0,0.049945,-0.32023599999999997,0.0,0
0.032602,7.3861,0.173888,12,31.9426,0.347381,-0.141286,11.096252330599999,0
0.45773,33.6544,0.77608,2,40.469,0.798969,-0.31834999999999997,32.333476461000004,1
0.044587,1.1277,0.174981,12,13.2979,0.201865,-0.130394,2.6843805835,0
0.105627,8.7729,0.372609,9,22.8396,0.36219,-0.26698200000000005,8.272274724,0
0.198205,5.5657,0.054113,9,24.435,0.400471,0.144092,9.785508885,0
0.0,4.1037,0.036415,13,7.1084,0.363516,-0.036415,2.5840171344,0
0.100821,9.8426,0.394379,9,22.6086,0.266067,-0.293558,6.0154023762,0
0.232133,7.5373,0.172277,8,18.7172,0.127877,0.05985599999999999,2.3934993843999997,0
0.076078,5.2136,0.175635,10,14.4691,0.098378,-0.099557,1.4234411197999999,0
0.06365,1.4715,0.070288,13,16.3342,0.313157,-0.006638000000000005,5.1151690694,0
0.181748,4.6002,0.160858,12,22.3048,0.229131,0.020889999999999992,5.1107211288,0
0.057773,11.0638,0.059466,14,7.8461,0.433145,-0.001693,3.3984989844999998,0
0.134624,32.5022,0.18718,7,28.3471,0.118417,-0.05255600000000002,3.3567785407,0
0.056304,0.9616,0.204343,13,23.4811,0.113926,-0.148039,2.6751077986,0
0.428752,14.8927,0.118718,8,36.1207,0.10598,0.31003400000000003,3.828071786,1
0.093227,3.9689,0.077363,13,25.9588,0.247657,0.015864000000000003,6.4288785316,0
0.303899,7.1784,0.178411,14,13.9556,0.595399,0.125488,8.309150284400001,0
0.133291,2.3339,0.065002,10,17.4496,0.417659,0.06828899999999999,7.2879824864,0
0.180053,3.498,0.085535,8,18.3549,0.179662,0.09451799999999999,3.2976780438,0
0.186819,6.2891,0.076115,8,40.7441,0.343381,0.11070400000000001,13.9907498021,0
0.690072,40.0807,0.537746,1,51.8972,0.810002,0.15232600000000007,42.0368357944,0
0.085135,2.1746,0.13655,11,21.7956,0.620952,-0.051415,13.5340214112,0
0.038242,2.9379,0.503592,11,17.0311,0.464892,-0.46535000000000004,7.9176221412,0
0.098593,0.4761,0.325841,8,16.6436,0.269152,-0.227248,4.4796582272,0
0.200357,4.1263,0.184503,12,13.3463,0.126056,0.015854000000000007,1.6823811927999999,0
0.631413,37.5458,0.656992,1,56.6935,0.597087,-0.02557900000000002,33.8509518345,1
0.402077,26.4468,0.40519,7,33.3725,0.42782,-0.003112999999999977,14.27742295,0
0.0,1.6166,0.200182,14,17.6415,0.196954,-0.200182,3.474563991,0
0.10897,5.4263,0.030296,8,23.6568,0.40858,0.078674,9.665695344,0
0.062412,12.597,0.485907,8,24.0415,0.55726,-0.42349499999999995,13.397366289999999,0
0.186819,6.2891,0.076115,8,40.7441,0.343381,0.11070400000000001,13.9907498021,0
0.216666,15.8888,0.07449,9,26.6937,0.232489,0.142176,6.2059916193,0
0.070187,4.8707,0.138321,8,34.3506,0.195988,-0.068134,6.7323053928,0
0.024207,3.0328,0.370269,10,20.853,0.107957,-0.34606200000000004,2.251227321,0
0.032942,5.3381,0.286649,14,30.0837,0.353811,-0.253707,10.6439439807,0
0.360171,10.4997,0.172948,10,23.8678,0.137137,0.18722300000000003,3.2731584886,0
0.059229,7.5677,0.155422,12,19.0999,0.423395,-0.096193,8.086802160500001,0
0.0,1.8104,0.280486,8,29.5428,0.403779,-0.280486,11.9287622412,0
0.141964,11.1703,0.138648,14,22.4088,0.218213,0.0033160000000000134,4.8898914744,0
0.072976,6.5251,0.24319,12,28.7203,0.116504,-0.17021399999999998,3.3460298312,0
0.111143,1.7978,0.315441,14,26.0804,0.117405,-0.20429800000000004,3.061969362,0
0.285715,17.0198,0.258887,6,48.8552,0.647191,0.02682800000000002,31.618645743200002,0
0.625981,53.6166,0.391212,4,70.0791,0.873227,0.234769,61.1949622557,1
0.081632,17.7177,0.281687,5,6.375,0.070305,-0.20005500000000004,0.44819437500000003,1
0.093825,3.1213,0.05542,12,17.6204,0.338589,0.03840500000000001,5.966073615599999,0
0.070236,3.5129,0.045616,12,20.9021,0.310567,0.02462000000000001,6.4915024907,1
0.395501,22.0232,0.704681,2,51.2744,0.882797,-0.30918,45.2648864968,1
0.023828,1.32,0.068337,10,17.1143,0.36019,-0.04450899999999999,6.164399717,1
0.0,1.8673,0.23666,12,12.4479,0.072401,-0.23666,0.9012404078999999,0
0.02271,5.0362,0.487648,12,16.2019,0.431449,-0.464938,6.9902935531,0
0.0,0.0,0.183209,12,17.5677,0.24289,-0.183209,4.267018652999999,0
0.333381,16.0319,0.447958,11,31.8801,0.33626,-0.11457700000000004,10.720002425999999,0
0.471504,14.0134,0.625614,4,50.1462,0.272828,-0.15411000000000002,13.681287453600001,0
0.026831,3.9668,0.29275,12,26.5446,0.215473,-0.265919,5.7196445958,1
0.046831,1.0075,0.335923,13,29.5242,0.137355,-0.289092,4.055296491,0
0.411661,20.6704,0.066956,6,67.8766,0.833981,0.344705,56.60779474459999,0
0.133345,5.6181,0.699232,5,33.6757,0.265829,-0.565887,8.951977655299999,0
0.026685,2.6145,0.097053,11,17.6902,0.317821,-0.070368,5.622317054200001,0
0.656777,51.3846,0.727568,4,80.9289,0.45637,-0.07079099999999994,36.933522093,1
0.677625,32.5559,0.486669,3,89.154,0.411708,0.19095600000000001,36.705415032,1
0.030609,3.9418,0.346611,14,32.6013,0.559812,-0.316002,18.2505989556,0
0.134583,12.061,0.357333,6,30.8421,0.188245,-0.22275,5.8058711144999995,0
0.105627,8.7729,0.372609,9,22.8396,0.36219,-0.26698200000000005,8.272274724,0
0.085135,2.1746,0.13655,11,21.7956,0.620952,-0.051415,13.5340214112,0
0.043193,2.8027,0.281849,11,34.665,0.232652,-0.238656,8.06488158,0
0.260967,8.7508,0.169245,12,18.0472,0.565987,0.091722,10.2144805864,0
0.067115,4.0832,0.187727,13,5.2555,0.439741,-0.12061200000000001,2.3110588255,0
0.87402,50.4822,0.559379,0,90.3472,0.455253,0.31464100000000006,41.1308338416,1
0.305918,28.7673,0.158185,3,37.3424,0.475767,0.14773300000000003,17.766281620799997,0
0.060764,3.0519,0.160122,9,23.0418,0.022801,-0.09935799999999999,0.5253760818,0
0.173695,3.7116,0.157015,12,20.47,0.244507,0.01668,5.00505829,0
0.030609,3.9418,0.346611,14,32.6013,0.559812,-0.316002,18.2505989556,0
0.003017,2.9474,0.288215,13,8.5764,0.292345,-0.285198,2.507267658,0
0.563413,19.7508,0.195436,11,29.9553,0.347638,0.36797700000000005,10.4136005814,0
0.141075,4.9109,0.211691,14,22.6598,0.322427,-0.07061599999999998,7.306131334600001,0
0.098307,16.9882,0.32099,9,23.4931,0.425485,-0.222683,9.9959616535,1
0.419519,12.0931,0.004371,8,20.2285,0.627784,0.41514799999999996,12.699128644,0
0.401942,11.6685,0.246002,7,15.4417,0.254698,0.15594000000000002,3.9329701066,0
0.645248,16.625,0.415756,10,27.6756,0.171124,0.22949200000000003,4.7359593744,0
0.337629,16.085,0.425775,4,44.6962,0.802288,-0.088146,35.8592249056,0
0.02049,6.7769,0.193226,11,23.5267,0.259111,-0.172736,6.0960267637,1
0.653545,31.0735,0.595036,4,88.4698,0.425989,0.05850900000000003,37.6871616322,1
0.34217,17.0838,0.309716,4,50.4722,0.761484,0.03245399999999998,38.4337727448,0
0.285553,8.1069,0.102729,8,14.8683,0.185112,0.182824,2.7523007496,0
0.398027,26.4031,0.430026,6,53.6469,0.798436,-0.031999,42.833616248400006,0
0.469683,23.8084,0.429423,10,28.7425,0.419716,0.04026000000000002,12.06368713,0
0.032996,4.4423,0.453226,10,22.339,0.181171,-0.42023,4.047178969,1
0.247176,9.2048,0.255149,8,29.9568,0.450929,-0.007973000000000008,13.508389867200002,0
0.00542,0.2675,0.239966,9,31.6883,0.426887,-0.234546,13.5273233221,0
0.252607,8.904,0.37973,8,16.6961,0.220536,-0.12712299999999999,3.6820911096000004,0
0.381398,17.7333,0.24123,8,22.2366,0.33062,0.14016800000000001,7.351864692,0
0.349446,7.4063,0.219142,14,25.2353,0.141376,0.13030399999999998,3.5676657728,0
0.007668,4.3014,0.23121,11,34.2742,0.553773,-0.223542,18.9801265566,0
0.118699,5.2145,0.173075,10,13.6774,0.170089,-0.05437600000000001,2.3263752886,0
0.089349,3.327,0.351489,8,12.1362,0.182894,-0.26214,2.2196381628,1
0.366643,16.3757,0.360144,6,46.7064,0.578344,0.006498999999999977,27.0123662016,1
0.049173,1.671,0.243009,9,23.9481,0.217,-0.193836,5.1967377,1
0.388168,21.292,0.912367,1,57.6938,0.429491,-0.5241990000000001,24.7789678558,0
0.248955,9.4799,0.086678,5,40.6522,0.615236,0.162277,25.0106969192,0
0.075368,1.9156,0.036413,14,22.5634,0.099118,0.038955000000000004,2.2364390812,0
0.125573,2.3749,0.354708,9,33.2004,0.516387,-0.22913500000000003,17.1442549548,0
0.009779,4.8688,0.104064,9,29.9734,0.257114,-0.09428500000000001,7.706580767600001,0
0.00288,4.5031,0.085775,8,33.9947,0.534296,-0.08289500000000001,18.163232231200002,0
0.107449,6.5291,0.020753,12,25.1578,0.319087,0.086696,8.0275269286,0
0.015185,1.5001,0.061005,10,23.1816,0.498612,-0.04582,11.5586239392,0
0.225445,36.4408,0.378006,8,18.9768,0.080216,-0.152561,1.5222429888,1
0.354893,12.3211,0.570104,2,75.6272,0.543462,-0.21521100000000004,41.100509366400004,0
0.504353,60.8467,0.49308,6,47.9657,0.371006,0.011273000000000033,17.7955624942,0
0.399755,15.0946,0.467198,4,53.8525,0.722023,-0.06744299999999998,38.8827436075,1
0.384323,35.7785,0.485264,1,55.4047,0.166724,-0.10094099999999995,9.2372932028,1
0.175205,9.496,0.468038,11,28.6299,0.405913,-0.292833,11.621248598700001,0
0.07607,7.1286,0.270848,14,24.9948,0.169181,-0.19477799999999998,4.2286452588,0
0.200533,9.6943,0.094778,8,17.6153,0.074898,0.10575499999999999,1.3193507394000001,0
0.248473,3.4195,0.154346,11,24.8725,0.136115,0.09412699999999999,3.3855203375,0
0.062228,2.7519,0.092701,9,31.0071,0.208276,-0.030473000000000007,6.4580347596,0
0.441695,20.4196,0.236294,5,47.2783,0.703083,0.205401,33.2405689989,0
0.190039,2.5326,0.086284,9,13.9658,0.39491,0.10375500000000001,5.515234078,0
0.291792,15.9375,0.34132,11,31.8931,0.38799,-0.049528000000000016,12.374203869,0
0.188136,15.3605,0.133399,11,34.0835,0.586657,0.05473700000000001,19.9953238595,0
0.248955,9.4799,0.086678,5,40.6522,0.615236,0.162277,25.0106969192,0
0.017849,12.2119,0.376753,8,26.0378,0.298552,-0.358904,7.7736372656,0
0.20597,5.5863,0.049302,10,15.8119,0.302837,0.15666799999999997,4.7884283603,0
0.0,0.6342,0.449684,9,12.8295,0.282556,-0.449684,3.6250522019999996,0
0.227097,7.1274,0.223406,6,24.2146,0.360403,0.003691,8.7270144838,1
0.392225,26.7609,0.283537,1,50.1805,0.879189,0.108688,44.1181436145,1
0.013123,2.2533,0.011166,12,24.8723,0.464191,0.0019569999999999987,11.5454978093,0
0.173576,31.5749,0.748048,5,29.5383,0.456387,-0.5744720000000001,13.480896122099999,0
0.015295,0.0,0.397758,14,10.248,0.332715,-0.382463,3.4096633199999995,0
0.142313,3.4201,0.337005,10,17.0858,0.375689,-0.194692,6.418947116199999,1
0.599798,48.787,0.721238,4,35.5619,0.311408,-0.12143999999999999,11.074260155200001,1
0.169909,4.6469,0.451489,9,34.6352,0.531869,-0.28157999999999994,18.4213891888,0
0.170611,7.0158,0.188006,11,35.5806,0.547699,-0.017394999999999994,19.4874590394,1
0.156559,9.1655,0.02952,8,49.4402,0.572571,0.127039,28.3080247542,0
0.303229,13.5889,0.335226,7,36.8414,0.144594,-0.031997,5.3270453916000005,0
0.419458,44.8543,0.502432,1,64.7332,0.727413,-0.08297399999999999,47.08777121159999,0
0.085502,8.4685,0.031914,7,29.009,0.392163,0.053588,11.376256467,0
0.080422,8.5586,0.411385,11,15.3583,0.244105,-0.330963,3.7490378215,0
0.57297,31.4595,0.684223,1,70.794,0.313776,-0.11125300000000005,22.213458144,1
0.107539,13.814,0.337746,9,36.9134,0.21331,-0.230207,7.873997354000001,0
0.133291,2.3339,0.065002,10,17.4496,0.417659,0.06828899999999999,7.2879824864,0
0.154594,14.4672,0.231397,5,39.6625,0.273852,-0.07680299999999998,10.86165495,0
0.049336,4.2239,0.235848,11,25.399,0.000592,-0.186512,0.015036208,0
0.0,1.6166,0.200182,14,17.6415,0.196954,-0.200182,3.474563991,0
0.177448,4.2634,0.072272,10,27.283,0.356162,0.10517599999999999,9.717167846,0
0.062228,2.7519,0.092701,9,31.0071,0.208276,-0.030473000000000007,6.4580347596,0
0.000678,8.7129,0.11397,11,24.7153,0.175354,-0.113292,4.3339267162,0
0.335366,22.0221,0.285184,5,51.11,0.47185,0.050182000000000004,24.1162535,1
0.052013,12.3612,0.287104,11,25.8784,0.037614,-0.23509100000000002,0.9733901376,0
0.004615,2.4072,0.153994,11,20.0468,0.613572,-0.14937899999999998,12.3001551696,0
0.0,4.6952,0.192595,9,28.222,0.108071,-0.192595,3.049979762,0
0.04373,5.7177,0.31968,11,12.7241,0.50144,-0.27595000000000003,6.380372704,0
0.271637,17.3509,0.309347,6,41.094,0.140019,-0.037709999999999966,5.753940786,0
0.090477,2.3346,0.444007,8,8.6502,0.207404,-0.35353,1.7940860808,0
0.361013,10.6525,0.194556,9,30.9892,0.293083,0.16645699999999997,9.0824077036,0
0.096478,2.7413,0.088413,10,26.4687,0.128674,0.008064999999999989,3.4058335038000003,0
0.121461,3.3301,0.315323,10,26.915,0.102115,-0.19386200000000003,2.7484252249999996,0
0.099317,10.2874,0.278336,12,24.4262,0.41089,-0.17901899999999998,10.036481318,0
0.433926,16.0245,0.556013,3,47.3863,0.292187,-0.122087,13.845660838099999,0
0.293095,5.6875,0.631782,6,29.3988,0.160442,-0.33868699999999996,4.7168022696000005,0
0.229386,5.3193,0.228923,13,17.8412,0.280968,0.00046300000000001895,5.0128062816000005,0
0.049439,4.5107,0.027147,10,10.1973,0.263447,0.022291999999999996,2.6864480931,0
0.30421,13.7397,0.34446,11,21.2833,0.45374,-0.04025000000000001,9.657084542,0
0.153764,2.7882,0.138316,10,42.0473,0.172677,0.015448000000000017,7.2606016221,0
0.398263,21.6905,0.38764,4,65.8052,0.414725,0.010622999999999994,27.29106157,0
0.235683,6.4931,0.328778,9,32.8563,0.211394,-0.09309500000000001,6.945624682199999,0
0.186099,17.0676,0.357084,11,36.0876,0.211378,-0.17098500000000003,7.628124712800001,0
0.108143,7.7074,0.202238,9,26.2106,0.046571,-0.094095,1.2206538526,0
0.108259,4.9462,0.106602,14,29.7352,0.055932,0.0016569999999999918,1.6631492064,0
0.035577,2.8515,0.179429,12,13.7894,0.235164,-0.143852,3.2427704616,0
0.145648,2.3169,0.160479,13,29.5548,0.233924,-0.01483100000000001,6.913577035199999,1
0.0,0.6342,0.449684,9,12.8295,0.282556,-0.449684,3.6250522019999996,0
0.001427,0.8549,0.323965,14,25.2119,0.452154,-0.322538,11.3996614326,0
0.485321,17.2819,0.368517,5,22.8827,0.34073,0.11680400000000002,7.796822370999999,0
0.282777,16.3341,0.380747,9,37.3782,0.363633,-0.09797,13.5919470006,0
0.299927,11.0035,0.467542,10,27.0645,0.048509,-0.16761500000000001,1.3128718304999998,1
0.076889,4.7602,0.281342,13,30.3572,0.190896,-0.204453,5.7950680512,0
0.018323,1.7045,0.037605,12,8.182,0.452152,-0.019282,3.699507664,0
0.213722,15.5277,0.454179,11,22.7687,0.091986,-0.240457,2.0944016382,0
0.346305,31.0487,0.429847,2,53.3567,0.3723,-0.083542,19.86469941,1
0.908676,60.1735,0.757097,1,97.4013,0.622732,0.15157900000000002,60.6549063516,1
0.003048,5.7448,0.263313,11,12.2703,0.044912,-0.260265,0.5510837136000001,0
0.211173,16.8296,0.310119,11,37.5037,0.619454,-0.09894599999999998,23.231816979799998,0
0.221289,18.4577,0.256329,11,42.4145,0.580183,-0.03503999999999996,24.6081718535,0
0.465757,12.3782,0.587945,6,18.0987,0.557404,-0.12218800000000007,10.088287774800001,0
0.618095,37.6928,0.358512,2,89.37,0.77635,0.25958299999999995,69.3823995,1
0.082308,7.374,0.087102,10,18.2594,0.311374,-0.004793999999999993,5.685502415599999,0
0.0,0.8309,0.385116,13,28.0005,0.335892,-0.385116,9.405143946,0
0.354893,12.3211,0.570104,2,75.6272,0.543462,-0.21521100000000004,41.100509366400004,0
0.075681,9.1668,0.066313,12,25.2772,0.38714,0.009368000000000001,9.785815207999999,0
0.193736,4.3672,0.128855,14,18.5324,0.119214,0.064881,2.2093215336,0
0.012563,9.2853,0.192077,10,12.8808,0.035342,-0.179514,0.4552332336,0
0.283204,8.9257,0.186662,11,23.1597,0.362182,0.09654200000000002,8.388026465400001,0
0.265476,6.5258,0.184298,10,24.7587,0.456196,0.081178,11.2948199052,1
0.078101,4.1194,0.402291,11,46.0581,0.21141,-0.32419,9.737142921,0
0.134583,12.061,0.357333,6,30.8421,0.188245,-0.22275,5.8058711144999995,0
0.927153,67.7295,0.716759,0,78.1838,0.766212,0.21039399999999997,59.9053657656,1
0.391255,19.4122,0.414664,11,38.4743,0.455214,-0.023408999999999958,17.5140400002,0
0.01109,2.3491,0.400153,8,25.1703,0.572113,-0.389063,14.4002558439,0
0.368257,21.1633,0.686324,2,67.5722,0.789328,-0.31806700000000004,53.3366294816,1
0.43335,22.2189,0.1668,9,32.1993,0.419962,0.26655,13.5224824266,0
0.473985,13.0083,0.094743,6,28.0946,0.494081,0.37924199999999997,13.8810080626,0
0.04893,8.0052,0.309751,10,26.5025,0.600932,-0.26082099999999997,15.926200330000002,0
0.105205,7.1123,0.128986,10,18.2852,0.07334,-0.023780999999999983,1.341036568,0
0.412475,20.6052,0.262646,3,64.532,0.801976,0.149829,51.753115232,1
0.129528,7.5679,0.222567,8,28.2028,0.0448,-0.09303899999999998,1.26348544,0
0.0,0.0179,0.048732,12,20.5957,0.735492,-0.048732,15.147972584400001,0
0.235472,10.3402,0.680179,10,30.5306,0.431366,-0.44470699999999996,13.1698627996,1
0.627185,47.9927,0.199385,0,52.0219,0.665789,0.42779999999999996,34.6356087791,1
0.034723,1.5236,0.117622,11,16.1681,0.307357,-0.082899,4.969378711699999,0
0.310928,5.9746,0.118748,10,20.157,0.359164,0.19217999999999996,7.239668748,0
0.192228,7.43,0.29196,9,9.1826,0.174852,-0.09973199999999999,1.6055959752000002,0
0.573138,54.9547,0.434755,4,70.1268,0.782196,0.13838300000000003,54.8529024528,1
0.301277,9.1835,0.104855,11,15.3392,0.230481,0.196422,3.5353941551999997,0
0.049336,4.2239,0.235848,11,25.399,0.000592,-0.186512,0.015036208,0
0.115966,5.8316,0.157398,12,26.4519,0.666886,-0.04143200000000001,17.640401783399998,0
0.071033,4.3253,0.247493,8,22.5429,0.27704,-0.17646,6.245285016,0
0.355826,12.2001,0.302205,8,44.751,0.402148,0.053620999999999974,17.996525148,0
0.071033,4.3253,0.247493,8,22.5429,0.27704,-0.17646,6.245285016,0
0.16011,4.6362,0.564223,9,27.8035,0.368013,-0.40411300000000006,10.2320494455,0
0.056765,3.2537,0.461763,11,17.3973,0.131998,-0.40499799999999997,2.2964088054,0
0.140265,9.4979,0.149329,7,26.9247,0.38197,-0.009063999999999989,10.284427659,0
0.683864,39.4866,0.73842,1,67.4228,0.869232,-0.05455599999999994,58.60605528959999,1
0.324189,7.3016,0.188767,11,23.808,0.24957,0.13542200000000001,5.94176256,0
0.51418,42.1578,0.85092,2,88.1501,0.854864,-0.33674000000000004,75.35634708639999,1
0.298191,12.9162,0.535098,5,39.157,0.144105,-0.23690699999999998,5.642719485,1
0.294144,11.8343,0.328064,5,24.1775,0.122464,-0.033920000000000006,2.96087336,0
0.114843,11.9522,0.27815,9,38.8684,0.236946,-0.163307,9.209711906399999,1
0.0,1.1332,0.17382,12,23.2877,0.312051,-0.17382,7.266950072700001,0
0.139579,6.9088,0.171869,13,34.5902,0.280817,-0.032289999999999985,9.7135161934,0
0.14648,7.0716,0.364468,10,20.8686,0.345112,-0.21798800000000002,7.2020042832,0
0.039297,6.463,0.067973,14,33.7873,0.549325,-0.028676000000000007,18.5602085725,0
0.94809,74.5217,0.764844,2,69.4973,0.542601,0.18324600000000002,37.709304477299995,1
0.054154,4.8088,0.070553,9,23.8944,0.084706,-0.016399000000000004,2.0239990464,0
0.612742,22.2765,0.283498,7,44.7044,0.603207,0.329244,26.966007010800002,0
0.083269,4.9314,0.350195,8,26.6651,0.038092,-0.266926,1.0157269892,0
0.079913,4.5686,0.150588,8,20.5924,0.117363,-0.070675,2.4167858412,0
0.337432,4.9578,0.248284,10,42.2046,0.292997,0.089148,12.3658211862,0
0.329187,11.5676,0.393396,5,30.5596,0.66322,-0.06420900000000002,20.267737912,0
0.123953,9.7087,0.539341,6,13.2481,0.54059,-0.415388,7.161790379000001,1
0.201732,6.4458,0.338444,8,22.2339,0.082701,-0.13671200000000003,1.8387657639,0
0.032142,3.0486,0.311689,14,31.5627,0.076363,-0.279547,2.4102224601,0
0.074426,22.5067,0.656908,8,42.071,0.305688,-0.582482,12.860599848,0
0.136426,9.0904,0.265528,11,31.032,0.077546,-0.129102,2.406407472,0
0.125573,2.3749,0.354708,9,33.2004,0.516387,-0.22913500000000003,17.1442549548,0
0.572101,50.0674,0.778287,4,81.4351,0.536372,-0.20618599999999998,43.6795074572,1
0.145982,8.7886,0.230768,14,19.0129,0.299653,-0.084786,5.6972725237,0
0.198126,14.2474,0.634634,8,37.8236,0.149474,-0.436508,5.6536447864,0
0.21998,9.3224,0.215985,8,21.0883,0.304641,0.0039949999999999986,6.4243608003,0
0.359298,31.9246,0.318869,9,5.1015,0.281974,0.04042899999999999,1.438490361,0
0.338372,6.4008,0.074303,10,27.3018,0.521561,0.264069,14.239554109800002,0
0.038712,3.7311,0.032162,13,18.2274,0.412535,0.00655,7.519440458999999,0
0.123405,7.5366,0.233681,13,20.5855,0.338116,-0.110276,6.960286918,0
0.365099,29.1473,0.316032,5,36.4037,0.730392,0.04906700000000003,26.5889712504,0
0.07725,3.7717,0.153519,9,29.8588,0.38546,-0.07626899999999999,11.509373048,1
0.163858,9.6399,0.307658,5,8.3823,0.098866,-0.14379999999999998,0.8287244718000001,1
0.316091,3.3615,0.00513,14,27.9794,0.389818,0.310961,10.906873749199999,0
0.114717,4.1709,0.092975,8,14.1666,0.268338,0.021741999999999997,3.8014371108000007,0
0.134624,32.5022,0.18718,7,28.3471,0.118417,-0.05255600000000002,3.3567785407,0
0.034166,6.4956,0.073135,14,28.3536,0.538082,-0.038969000000000004,15.256561795199998,0
0.262055,17.0412,0.255653,10,25.4341,0.148531,0.006401999999999963,3.7777523071,0
0.41311,30.6108,0.671832,5,50.5288,0.526374,-0.258722,26.5970465712,0
0.685119,69.7593,0.555561,3,64.3787,0.786022,0.12955800000000006,50.6030745314,1
0.341267,21.0332,0.301455,8,28.8587,0.213397,0.039812000000000014,6.1583600038999995,0
0.141964,11.1703,0.138648,14,22.4088,0.218213,0.0033160000000000134,4.8898914744,0
0.038242,2.9379,0.503592,11,17.0311,0.464892,-0.46535000000000004,7.9176221412,0
0.037766,0.0,0.274982,13,14.1644,0.232985,-0.237216,3.300092734,0
0.398263,21.6905,0.38764,4,65.8052,0.414725,0.010622999999999994,27.29106157,0
0.952249,90.0,0.541224,1,61.4115,0.878568,0.411025,53.954178731999995,1
0.588145,42.5382,0.830184,4,63.4299,0.807973,-0.242039,51.2496465927,1
0.058416,3.2611,0.387142,14,18.5031,0.048076,-0.32872599999999996,0.8895550356,0
0.075068,5.7145,0.26412,8,26.9878,0.161923,-0.18905200000000003,4.369945539400001,0
0.162779,21.4203,0.304712,11,47.4275,0.552472,-0.14193299999999998,26.20236578,0
0.015999,1.7579,0.148209,12,20.7915,0.544463,-0.13221,11.3202024645,0
0.088375,10.4308,0.515395,11,47.6814,0.307197,-0.42702000000000007,14.647583035799999,0
0.014424,2.3919,0.094131,14,26.6126,0.510893,-0.079707,13.596191051800002,0
0.388168,21.292,0.912367,1,57.6938,0.429491,-0.5241990000000001,24.7789678558,0
0.064332,3.2523,0.241706,8,27.743,0.11115,-0.177374,3.08363445,0
0.081143,8.7599,0.28972,7,20.1323,0.345277,-0.20857699999999996,6.9512201471,0
0.425624,38.3538,0.108987,4,60.4676,0.809131,0.316637,48.9262096556,1
0.112738,2.4318,0.148852,11,23.4904,0.370398,-0.03611400000000001,8.7007971792,0
0.133345,5.6181,0.699232,5,33.6757,0.265829,-0.565887,8.951977655299999,0
0.275971,11.1568,0.461735,6,31.8399,0.477191,-0.18576399999999998,15.1937137209,1
0.070009,3.4949,0.202669,8,28.166,0.203225,-0.13266,5.724035349999999,0
0.211743,13.6467,0.291189,11,16.5911,0.128166,-0.07944599999999999,2.1264149226,0
0.119434,2.874,0.242793,10,28.1147,0.167532,-0.12335900000000001,4.710111920399999,0
0.150103,4.0728,0.097746,14,9.4309,0.235277,0.05235699999999999,2.2188738593,0
0.121461,3.3301,0.315323,10,26.915,0.102115,-0.19386200000000003,2.7484252249999996,0
0.337432,4.9578,0.248284,10,42.2046,0.292997,0.089148,12.3658211862,0
0.103003,6.2077,0.245252,12,30.8996,0.40361,-0.14224900000000001,12.471387556,0
0.074357,2.5042,0.100418,13,8.7482,0.214862,-0.026060999999999987,1.8796557484,0
0.466338,11.0445,0.653397,2,59.9262,0.715233,-0.18705900000000003,42.8611958046,0
0.031586,4.6047,0.4095,11,24.1246,0.482296,-0.37791399999999997,11.6351980816,0
0.035408,4.8362,0.010231,11,20.1356,0.143441,0.025177,2.8882705996,0
0.108143,7.7074,0.202238,9,26.2106,0.046571,-0.094095,1.2206538526,0
0.597618,56.6765,0.612608,3,60.5652,0.570989,-0.014990000000000059,34.5820629828,1
0.095187,2.9282,0.101987,13,23.8487,0.365097,-0.0068000000000000005,8.707088823900001,0
0.195137,5.8793,0.205872,10,27.1779,0.050632,-0.010734999999999995,1.3760714328,0
0.556215,28.8532,0.453304,1,67.4678,0.538155,0.10291100000000003,36.308133909,1
0.276975,5.0237,0.03111,10,28.5965,0.275344,0.24586500000000003,7.873874695999999,1
0.210359,6.9793,0.1679,11,20.6657,0.309044,0.042459,6.3866105908,0
0.027191,4.328,0.049508,13,32.29,0.627131,-0.022317000000000004,20.25005999,1
0.118455,9.0843,0.046224,13,33.2734,0.675718,0.072231,22.483435301200004,0
0.072976,6.5251,0.24319,12,28.7203,0.116504,-0.17021399999999998,3.3460298312,0
0.375935,45.6356,0.564317,3,35.4758,0.412017,-0.18838199999999994,14.616632688600001,1
0.182976,4.5109,0.03961,14,20.4545,0.368965,0.143366,7.5469945925,1
0.071541,8.5038,0.298233,11,27.6986,0.234876,-0.22669200000000003,6.5057363736,0
0.042079,0.3001,0.140254,13,23.507,0.368749,-0.09817499999999998,8.668182743000001,0
0.148183,6.7709,0.273677,8,33.7961,0.220927,-0.125494,7.466470984700001,0
0.217618,8.8304,0.096771,5,36.1202,0.425295,0.12084700000000001,15.361740458999998,0
0.025933,1.3504,0.203782,12,40.8744,0.41327,-0.17784899999999998,16.892163288000003,0
0.393247,41.001,0.449169,1,36.6818,0.498448,-0.05592199999999997,18.2839698464,0
0.043193,2.8027,0.281849,11,34.665,0.232652,-0.238656,8.06488158,0
0.039496,2.1867,0.095768,8,36.0522,0.310837,-0.056272,11.2063576914,0
0.248473,3.4195,0.154346,11,24.8725,0.136115,0.09412699999999999,3.3855203375,0
0.024156,0.4861,0.173655,9,26.9832,0.606602,-0.149499,16.3680630864,0
0.017652,1.9131,0.045353,12,16.5348,0.258645,-0.027700999999999996,4.276643346,0
0.28089,11.3484,0.1734,9,34.7044,0.149142,0.10748999999999997,5.1758836248,0
0.002627,2.8935,0.051376,10,36.7886,0.440879,-0.048749,16.2193211794,0
0.2825,15.1867,0.634509,9,21.0022,0.518708,-0.352009,10.894009157599998,0
0.055701,2.9072,0.095371,14,32.0138,0.23134,-0.03967,7.406072492000001,0
0.110784,3.7077,0.121911,8,23.24,0.254417,-0.011127000000000012,5.91265108,0
0.229416,6.9297,0.251339,12,19.7762,0.421129,-0.02192299999999997,8.3283313298,0
0.133291,2.3339,0.065002,10,17.4496,0.417659,0.06828899999999999,7.2879824864,0
0.462159,17.6751,0.377322,5,20.8947,0.242358,0.084837,5.0639977026,0
0.642833,43.8281,0.712732,0,54.2184,0.423008,-0.06989900000000004,22.9348169472,1
0.007799,18.1924,0.624374,5,22.2956,0.412827,-0.616575,9.2042256612,0
0.134415,5.2781,0.529571,6,37.0139,0.214214,-0.395156,7.928895574599999,0
0.101008,3.8893,0.125652,10,27.2455,0.756346,-0.024644000000000013,20.607024943,0
0.200985,11.3306,0.135465,6,35.162,0.109279,0.06552,3.8424681979999997,0
0.182065,9.4218,0.452566,7,46.3028,0.48881,-0.270501,22.633271668,0
0.60142,38.0222,0.597245,3,69.1036,0.633233,0.004174999999999929,43.7586799388,0
0.678092,54.1825,0.633984,0,68.6587,0.574021,0.044108000000000036,39.4115356327,1
0.117607,8.293,0.261251,9,38.4688,0.288411,-0.143644,11.0948250768,0
0.303899,7.1784,0.178411,14,13.9556,0.595399,0.125488,8.309150284400001,0
0.097493,10.1818,0.195726,10,47.0982,0.474346,-0.09823300000000001,22.3408427772,0
0.082299,2.6544,0.208649,8,25.4239,0.065668,-0.12635000000000002,1.6695366652,0
0.110263,7.4351,0.249441,9,32.8475,0.352938,-0.139178,11.593130954999998,0
0.0,0.1775,0.339817,9,24.886,0.571674,-0.339817,14.226679164,0
0.902132,48.2029,0.664474,0,83.1475,0.862031,0.23765800000000004,71.67572257249999,1
0.3156,4.2852,0.260267,9,17.3156,0.405483,0.055332999999999966,7.0211814348,0
0.334702,29.0469,0.190299,8,51.5128,0.812301,0.144403,41.843898952800004,0
0.069638,2.717,0.018341,13,12.3804,0.343231,0.05129700000000001,4.2493370724,0
0.000878,2.2541,0.274223,12,28.9153,0.504819,-0.273345,14.5969928307,0
0.170669,5.7725,0.156221,8,26.5147,0.459508,0.014447999999999989,12.183716767600002,0
0.20516,18.7954,0.370525,10,27.3709,0.246651,-0.16536499999999998,6.7510598559,1
0.366224,12.1246,0.218538,6,35.6336,0.627573,0.14768599999999998,22.362685252800002,1
0.40436,22.2696,0.646134,4,62.0069,0.484625,-0.241774,30.0500939125,1
0.035241,1.6133,0.073661,10,15.2138,0.223778,-0.03842,3.4045137364,0
0.318653,21.2561,0.668725,1,73.7824,0.610675,-0.350072,45.05706711999999,1
0.198294,16.2176,0.117497,6,35.9139,0.17498,0.080797,6.284214221999999,0
0.039502,1.7066,0.072622,11,30.1839,0.365961,-0.033120000000000004,11.046130227899999,0
0.039496,2.1867,0.095768,8,36.0522,0.310837,-0.056272,11.2063576914,0
0.917487,52.2588,0.850672,0,56.0072,0.80682,0.06681500000000007,45.187729104,1
0.065009,2.9022,0.127242,10,45.8876,0.180619,-0.062233,8.2881724244,0
0.037766,0.0,0.274982,13,14.1644,0.232985,-0.237216,3.300092734,0
0.129657,8.443,0.094486,5,32.0204,0.212484,0.035170999999999994,6.803822673600001,0
0.622216,41.3767,0.505672,2,85.1948,0.217211,0.11654399999999998,18.5052477028,0
0.404506,36.4803,0.565977,1,56.3205,0.749365,-0.16147099999999998,42.2046114825,1
0.0,3.634,0.392312,11,22.9488,0.37938,-0.392312,8.706315744,0
0.168241,4.4584,0.047927,10,14.5818,0.295661,0.120314,4.3112695698,0
0.283204,8.9257,0.186662,11,23.1597,0.362182,0.09654200000000002,8.388026465400001,0
0.354593,13.2877,0.275544,10,23.4585,0.256221,0.07904899999999998,6.0105603284999995,0
0.3792,36.1693,0.622641,5,63.7062,0.376887,-0.24344100000000002,24.0100385994,0
0.007713,1.8913,0.414617,9,0.0,0.060587,-0.406904,0.0,0
0.60142,38.0222,0.597245,3,69.1036,0.633233,0.004174999999999929,43.7586799388,0
0.889247,47.2319,0.831522,0,91.0989,0.863311,0.057725000000000026,78.6466824579,1
0.705708,32.3804,0.513097,2,59.0224,0.572113,0.19261099999999998,33.7674823312,0
0.137297,3.4225,0.086317,9,8.5969,0.327047,0.05098,2.8115903543,1
0.042911,5.5346,0.206419,12,25.5068,0.221382,-0.163508,5.646746397599999,0
0.333381,16.0319,0.447958,11,31.8801,0.33626,-0.11457700000000004,10.720002425999999,0
0.173056,5.0803,0.273846,12,24.407,0.444321,-0.10078999999999999,10.844542647,0
0.622144,34.8913,0.396966,4,58.1695,0.340444,0.22517800000000004,19.803457258,1
0.0,10.2028,0.131008,8,32.3025,0.035405,-0.131008,1.1436700125,0
0.079853,2.039,0.18355,9,38.2302,0.565265,-0.103697,21.610194003000004,0
0.178104,4.9966,0.49834,11,0.0,0.049945,-0.32023599999999997,0.0,0
0.043193,2.8027,0.281849,11,34.665,0.232652,-0.238656,8.06488158,0
0.131868,2.4555,0.168917,13,30.7018,0.422175,-0.037049,12.961532415,0
0.006096,3.7895,0.312551,11,35.8073,0.170356,-0.30645500000000003,6.0999883988,0
0.115353,6.9601,0.114845,7,31.0428,0.25682,0.0005079999999999946,7.972411896,0
0.079318,3.5519,0.186399,12,33.4575,0.470811,-0.10708100000000001,15.752159032500002,0
0.477808,29.5515,0.499119,8,39.3495,0.356514,-0.02131099999999997,14.028647643,0
0.173695,3.7116,0.157015,12,20.47,0.244507,0.01668,5.00505829,0
0.335387,7.3878,0.188906,13,20.3721,0.288738,0.146481,5.8821994098,1
0.062228,2.7519,0.092701,9,31.0071,0.208276,-0.030473000000000007,6.4580347596,0
0.01109,2.3491,0.400153,8,25.1703,0.572113,-0.389063,14.4002558439,0
0.222389,17.0725,0.241084,10,32.5173,0.221235,-0.01869499999999999,7.193964865499999,1
0.010984,0.0,0.279426,12,16.8769,0.070024,-0.268442,1.1817880456,0
0.0,0.8296,0.0845,9,22.3562,0.118543,-0.0845,2.6501710166,0
0.151102,8.619,0.341036,7,32.2513,0.189035,-0.18993400000000002,6.0966244955,0
0.082935,4.1422,0.200742,12,15.7032,0.328941,-0.11780700000000001,5.1654263112,0
0.288759,6.4689,0.365468,11,19.318,0.161077,-0.07670900000000003,3.1116854860000003,0
0.416466,9.5264,0.12481,11,14.3836,0.161098,0.291656,2.3171691927999998,0
0.094487,2.942,0.49778,14,9.7143,0.215209,-0.403293,2.0906047887,1
0.045385,0.5326,0.139656,14,30.3901,0.467577,-0.094271,14.209711787700002,0
0.02271,5.0362,0.487648,12,16.2019,0.431449,-0.464938,6.9902935531,0
0.054055,2.3009,0.046065,8,22.2794,0.177551,0.007989999999999997,3.9557297493999997,0
0.053612,3.5359,0.119772,11,18.2155,0.09257,-0.06616,1.686208835,1
0.082299,2.6544,0.208649,8,25.4239,0.065668,-0.12635000000000002,1.6695366652,0
0.137964,1.9599,0.295383,8,12.0582,0.178902,-0.157419,2.1572360964,0
0.231516,12.0433,0.54526,11,10.6428,0.148856,-0.31374399999999997,1.5842446367999998,0
0.903036,58.3221,0.68363,2,76.0659,0.647441,0.219406,49.2481823619,1
0.158682,7.9144,0.404526,8,31.5111,0.188377,-0.245844,5.9359664847,0
0.046661,1.7944,0.171999,10,23.2983,0.28253,-0.125338,6.5824686990000005,0
0.315277,15.5297,0.609722,3,53.802,0.440476,-0.294445,23.698489752,1
0.212158,4.1576,0.208504,10,12.1879,0.208893,0.0036540000000000183,2.5459669947,1
0.301277,9.1835,0.104855,11,15.3392,0.230481,0.196422,3.5353941551999997,0
0.059122,2.1236,0.033351,10,28.159,0.559178,0.025771000000000002,15.745893301999999,1
0.917099,50.0196,0.663716,2,73.1794,0.509311,0.253383,37.271073393399995,1
0.036614,0.0,0.275535,10,18.3077,0.673673,-0.23892099999999997,12.3334031821,0
0.143005,10.0446,0.231873,6,29.015,0.12578,-0.088868,3.6495067000000003,1
0.075068,5.7145,0.26412,8,26.9878,0.161923,-0.18905200000000003,4.369945539400001,0
0.064332,3.2523,0.241706,8,27.743,0.11115,-0.177374,3.08363445,0
0.57813,59.484,0.850951,4,82.4547,0.210739,-0.272821,17.3764210233,1
0.232372,6.6136,0.054733,13,15.7137,0.097577,0.177639,1.5332957048999998,0
0.368425,11.7818,0.230839,12,25.5922,0.401254,0.137586,10.2689726188,0
0.387797,19.005,0.426594,5,26.5421,0.543735,-0.03879699999999997,14.431868743499999,0
0.268375,5.8683,0.204446,14,12.5684,0.375182,0.06392899999999999,4.7154374488,0
0.054717,3.3318,0.097253,9,20.003,0.231453,-0.042536000000000004,4.629754359,0
0.3565,11.7586,0.464574,10,32.8647,0.177634,-0.108074,5.8378881198,0
0.616044,33.2696,0.719336,1,49.5364,0.306108,-0.10329199999999994,15.1634883312,0
0.398027,26.4031,0.430026,6,53.6469,0.798436,-0.031999,42.833616248400006,0
0.144567,31.6978,0.286779,6,34.4639,0.241185,-0.142212,8.312175721500001,1
0.008396,9.1241,0.373419,8,18.5732,0.199153,-0.365023,3.6989084996,0
0.21687,8.908,0.382923,5,41.3374,0.204922,-0.166053,8.4709426828,0
0.098477,4.1928,0.175926,8,34.3047,0.386937,-0.077449,13.273757703899998,0
0.626751,38.473,0.623297,3,85.6775,0.50367,0.003453999999999957,43.153186424999994,1
0.219206,8.3326,0.046439,7,7.4607,0.336092,0.172767,2.5074815844000002,0
0.991335,69.5427,0.616047,2,74.4538,0.650537,0.37528799999999995,48.4349516906,1
0.562509,30.6362,0.369216,2,66.1965,0.583124,0.19329300000000005,38.600767866,1
0.015583,4.0982,0.150779,11,23.3884,0.267113,-0.13519599999999998,6.2473456892,0
0.14044,5.4652,0.118295,12,20.3603,0.346529,0.022145000000000012,7.055434398699999,0
0.08392,9.9085,0.119955,7,28.9165,0.244957,-0.03603500000000001,7.0832990905,0
0.151829,3.6964,0.199371,11,25.6051,0.582769,-0.047542,14.921858521899999,0
0.181603,5.5194,0.113329,11,20.9522,0.057609,0.06827399999999999,1.2070352898,0
0.006297,5.2265,0.592275,10,28.3081,0.417949,-0.585978,11.8313420869,0
0.074776,2.8974,0.160059,13,27.2292,0.154443,-0.08528300000000001,4.2053593356,0
0.291792,15.9375,0.34132,11,31.8931,0.38799,-0.049528000000000016,12.374203869,0
0.477808,29.5515,0.499119,8,39.3495,0.356514,-0.02131099999999997,14.028647643,0
0.260904,5.8864,0.126393,10,16.8006,0.177928,0.13451100000000002,2.9892971567999997,0
0.402963,9.3487,0.075351,5,25.8282,0.540208,0.327612,13.9526002656,0
0.652326,29.1775,0.499398,0,42.502,0.872771,0.15292799999999995,37.094513042,1
0.255065,8.4405,0.203366,12,26.7694,0.626778,0.051698999999999995,16.7784709932,0
0.003582,3.9024,0.027546,9,32.1756,0.189139,-0.023964,6.085660808400001,0
0.067189,2.7338,0.333925,9,23.8352,0.587127,-0.26673600000000003,13.994289470399998,0
0.105785,9.3607,0.247729,12,23.8067,0.230226,-0.14194400000000001,5.4809213142,0
0.146034,7.4044,0.44003,9,35.3488,0.223289,-0.293996,7.892998203199999,0
0.200348,4.3669,0.085242,12,25.1457,0.661767,0.115106,16.6405944519,0
0.168501,8.2284,0.368814,9,42.4859,0.144812,-0.20031299999999996,6.1524681508,0
0.058416,3.2611,0.387142,14,18.5031,0.048076,-0.32872599999999996,0.8895550356,0
0.177122,12.9068,0.222371,11,8.872,0.214666,-0.04524900000000001,1.904516752,0
0.3792,36.1693,0.622641,5,63.7062,0.376887,-0.24344100000000002,24.0100385994,0
0.305918,28.7673,0.158185,3,37.3424,0.475767,0.14773300000000003,17.766281620799997,0
0.105174,15.0129,0.078766,11,18.5069,0.208317,0.026408,3.8553018873000005,0
0.036629,3.7817,0.240206,14,17.3001,0.388901,-0.203577,6.7280261901000005,0
0.07196,6.0287,0.089134,14,11.861,0.116912,-0.01717400000000001,1.386693232,1
0.31684,5.8517,0.215165,8,27.3832,0.130818,0.10167500000000002,3.5822154575999994,0
0.29961,13.3511,0.447935,8,32.8748,0.264622,-0.14832500000000004,8.699395325600001,0
0.073751,27.3404,0.222491,6,11.4801,0.377919,-0.14873999999999998,4.3385479119,0
0.156559,9.1655,0.02952,8,49.4402,0.572571,0.127039,28.3080247542,0
0.015185,1.5001,0.061005,10,23.1816,0.498612,-0.04582,11.5586239392,0
0.112273,5.0152,0.540214,9,37.3895,0.118868,-0.42794099999999996,4.444415086,0
0.0,4.1037,0.036415,13,7.1084,0.363516,-0.036415,2.5840171344,0
0.329348,6.6722,0.189535,11,27.7852,0.265371,0.13981299999999997,7.373386309200001,0
0.296476,23.7746,0.343359,7,14.4079,0.231813,-0.04688300000000001,3.3399385227,0
0.190897,5.5564,0.115507,14,30.4513,0.177624,0.07539000000000001,5.4088817112,0
0.200533,9.6943,0.094778,8,17.6153,0.074898,0.10575499999999999,1.3193507394000001,0
0.183555,5.9052,0.309824,13,15.6839,0.09768,-0.126269,1.532003352,0
0.201075,4.8808,0.13424,12,29.2341,0.381679,0.066835,11.158042053900001,0
0.212822,9.4179,0.059281,9,24.7487,0.176515,0.153541,4.3685167805,0
0.389226,20.9257,0.619748,6,49.5536,0.743184,-0.23052199999999995,36.8274426624,0
0.036401,1.9984,0.089345,12,13.6607,0.819919,-0.05294399999999999,11.2006674833,0
0.065725,2.3753,0.294513,11,30.9622,0.274489,-0.22878800000000002,8.498783315799999,0
0.048755,3.09,0.463666,13,14.353,0.547556,-0.41491100000000003,7.859071268,0
0.062517,0.0,0.37134,11,16.9964,0.246905,-0.308823,4.196496142000001,0
0.013982,1.5429,0.219554,9,23.6403,0.033304,-0.205572,0.7873165512,0
0.1652,14.8069,0.103363,10,41.7421,0.339243,0.06183700000000002,14.160715230300001,0
0.107953,11.7227,0.093985,10,21.643,0.377973,0.013967999999999994,8.180469639,0
0.370671,25.4253,0.302829,7,24.0061,0.37545,0.06784199999999996,9.013090245,0
0.130197,4.954,0.223425,10,24.6989,0.088053,-0.093228,2.1748122417,0
0.003743,1.7085,0.042534,9,8.4406,0.259765,-0.038791000000000006,2.192572459,0
0.03175,0.1602,0.040544,14,37.3759,0.175756,-0.008793999999999996,6.5690386804,0
0.032142,3.0486,0.311689,14,31.5627,0.076363,-0.279547,2.4102224601,0
0.362808,7.689,0.708489,10,39.7681,0.319565,-0.345681,12.7084928765,0
0.022802,7.0597,0.108225,8,16.3361,0.362318,-0.085423,5.918863079799999,0
0.067115,4.0832,0.187727,13,5.2555,0.439741,-0.12061200000000001,2.3110588255,0
0.524351,13.293,0.21938,14,8.6691,0.040118,0.304971,0.3477869538,0
0.072976,6.5251,0.24319,12,28.7203,0.116504,-0.17021399999999998,3.3460298312,0
0.160256,4.0529,0.009324,8,22.499,0.421886,0.150932,9.492013113999999,0
0.093766,5.1212,0.177621,13,26.0047,0.26566,-0.083855,6.908408602,0
0.114717,4.1709,0.092975,8,14.1666,0.268338,0.021741999999999997,3.8014371108000007,0
0.374557,15.8404,0.383749,4,41.894,0.557521,-0.009192000000000033,23.356784774,0
0.071103,10.9844,0.478638,8,36.4925,0.391722,-0.407535,14.294915085000001,0
0.038797,5.42,0.095239,11,28.087,0.130087,-0.056442000000000006,3.653753569,0
0.229416,6.9297,0.251339,12,19.7762,0.421129,-0.02192299999999997,8.3283313298,0
0.101256,0.459,0.036229,13,24.6318,0.454754,0.065027,11.2014095772,0
0.021741,3.5038,0.095123,12,15.3209,0.363662,-0.073382,5.571629135799999,0
0.083967,9.6677,0.374695,9,21.2305,0.207712,-0.290728,4.409829616,0
0.102014,2.612,0.038885,9,15.1818,0.282733,0.06312899999999999,4.2923958594,0
0.149578,3.2522,0.182524,13,26.2179,0.032188,-0.032946,0.8439017652,0
0.097493,10.1818,0.195726,10,47.0982,0.474346,-0.09823300000000001,22.3408427772,0
0.230468,5.0247,0.083162,13,13.435,0.616835,0.147306,8.287178225,1
0.010984,0.0,0.279426,12,16.8769,0.070024,-0.268442,1.1817880456,0
0.181603,5.5194,0.113329,11,20.9522,0.057609,0.06827399999999999,1.2070352898,0
0.046661,1.7944,0.171999,10,23.2983,0.28253,-0.125338,6.5824686990000005,0
0.156578,10.3568,0.255945,11,28.3162,0.079668,-0.09936699999999998,2.2558950215999998,0
0.058268,5.1578,0.406204,14,17.38,0.148424,-0.347936,2.5796091199999998,0
0.332642,17.3513,0.247908,10,27.9954,0.3416,0.084734,9.56322864,0
0.101986,3.1736,0.110459,14,31.5346,0.409912,-0.008473000000000008,12.9264109552,0
0.118455,9.0843,0.046224,13,33.2734,0.675718,0.072231,22.483435301200004,0
0.047823,2.0974,0.085366,9,21.3246,0.493934,-0.037543,10.5329449764,0
0.095347,0.0,0.074775,13,17.1499,0.230615,0.020572000000000007,3.9550241884999995,0
0.144341,8.0362,0.240641,13,27.5728,0.311318,-0.0963,8.5839089504,0
0.380367,16.7745,0.449064,6,74.9971,0.926053,-0.06869700000000001,69.45128944630001,1
0.137419,17.7442,0.349309,8,40.1697,0.52989,-0.21188999999999997,21.285522333,1
0.04668,10.7894,0.040316,10,23.6953,0.141831,0.006364000000000002,3.3607280943,0
0.059366,3.0635,0.040844,13,27.127,0.323777,0.018522000000000004,8.783098678999998,0
0.883068,33.0053,0.87785,0,62.06,0.290832,0.005217999999999945,18.04903392,1
0.371683,11.6941,0.538499,8,29.0687,0.187939,-0.16681599999999996,5.4631424093,0
0.10897,5.4263,0.030296,8,23.6568,0.40858,0.078674,9.665695344,0
0.07544,7.0715,0.623549,14,19.1156,0.415311,-0.5481090000000001,7.9389189516,0
0.225489,4.1013,0.151249,11,11.5581,0.588788,0.07424,6.8052705827999995,0
0.334702,29.0469,0.190299,8,51.5128,0.812301,0.144403,41.843898952800004,0
0.13363,4.0584,0.01598,11,14.7739,0.258787,0.11765,3.8232932592999997,0
0.109309,5.4513,0.356381,11,28.213,0.13097,-0.247072,3.6950566100000004,0
0.207743,5.1958,0.099384,11,23.5013,0.44386,0.10835900000000001,10.431287017999999,0
0.126659,11.1963,0.177077,12,20.9376,0.315698,-0.05041800000000002,6.609958444799999,0
0.356536,9.662,0.299991,9,16.3409,0.394974,0.05654500000000001,6.4542306366,0
0.107208,3.0696,0.330333,12,15.5866,0.360233,-0.223125,5.614807677800001,0
0.007668,4.3014,0.23121,11,34.2742,0.553773,-0.223542,18.9801265566,0
0.106294,6.2575,0.114384,7,35.2546,0.425595,-0.00809,15.004181487000002,0
0.080705,6.4506,0.153201,14,28.1463,0.651131,-0.072496,18.3269284653,1
0.054717,3.3318,0.097253,9,20.003,0.231453,-0.042536000000000004,4.629754359,0
0.283204,8.9257,0.186662,11,23.1597,0.362182,0.09654200000000002,8.388026465400001,0
0.236859,6.0922,0.121114,12,29.6378,0.447406,0.11574499999999999,13.2601295468,0
0.149706,5.7404,0.091566,7,20.7038,0.142788,0.05814000000000001,2.9562541944,1
0.249912,3.9616,0.308846,5,42.7977,0.781365,-0.058934000000000014,33.4406248605,0
0.572045,24.2885,0.221278,10,13.4264,0.197328,0.35076700000000005,2.6494046592,0
0.085135,2.1746,0.13655,11,21.7956,0.620952,-0.051415,13.5340214112,0
0.324189,7.3016,0.188767,11,23.808,0.24957,0.13542200000000001,5.94176256,0
0.010264,11.1524,0.174461,9,20.1382,0.123623,-0.164197,2.4895446986,0
0.147231,9.3532,0.236027,8,23.7024,0.328017,-0.08879599999999999,7.7747901408,1
0.418677,21.5308,0.881124,5,43.6389,0.55332,-0.462447,24.146276148000002,1
0.172495,7.3177,0.214329,8,22.8575,0.096239,-0.04183399999999998,2.1997829425,0
0.001008,2.8586,0.023373,11,23.5023,0.369759,-0.022365000000000003,8.6901869457,1
0.14736,4.7855,0.09752,12,18.6836,0.297998,0.049839999999999995,5.567675432799999,0
0.12002,7.4241,0.476716,11,20.3509,0.354826,-0.35669599999999996,7.221028443399999,1
0.125774,7.4349,0.064746,10,13.5103,0.128138,0.061028,1.7311828214000002,0
0.069202,3.6088,0.24411,14,30.0844,0.519297,-0.174908,15.6227386668,0
0.548068,48.0203,0.620431,0,64.1725,0.350968,-0.07236299999999996,22.52249398,1
0.643416,39.1989,0.636542,3,69.7074,0.446813,0.006873999999999936,31.146172516200004,1
0.268703,6.5532,0.22187,9,18.8762,0.255211,0.046833000000000014,4.817413878200001,1
0.105436,3.5881,0.081975,10,27.2711,0.107982,0.023460999999999996,2.9447879202,0
0.636076,46.521,0.721093,4,62.969,0.529733,-0.08501700000000001,33.356757277,1
0.100491,6.337,0.16547,6,47.738,0.198941,-0.06497900000000001,9.497045458,0
0.0,0.9607,0.085576,10,29.2305,0.579945,-0.085576,16.9520823225,0
0.17246,9.5828,0.317733,12,36.5097,0.734629,-0.14527299999999999,26.821084401300002,0
0.286685,7.3774,0.199842,10,27.6127,0.182118,0.08684300000000003,5.0287696986,0
0.860394,46.2332,0.738521,1,85.2366,0.853583,0.12187300000000001,72.7565127378,0
0.282777,16.3341,0.380747,9,37.3782,0.363633,-0.09797,13.5919470006,0
0.14003,2.4808,0.143227,11,22.2079,0.291301,-0.0031970000000000054,6.469183477899999,0
0.249912,3.9616,0.308846,5,42.7977,0.781365,-0.058934000000000014,33.4406248605,0
0.229214,6.3996,0.080276,8,22.5022,0.095144,0.14893800000000001,2.1409493168,0
0.268375,5.8683,0.204446,14,12.5684,0.375182,0.06392899999999999,4.7154374488,0
0.320212,24.3984,0.330346,2,82.3806,0.472088,-0.010133999999999976,38.8908926928,1
0.224279,5.5748,0.374781,9,28.7854,0.370082,-0.15050199999999997,10.6529584028,0
0.062163,5.2333,0.263484,8,26.7677,0.28547,-0.201321,7.641375319000001,1
0.151963,7.1791,0.183749,13,1.7447,0.120538,-0.03178600000000001,0.2103026486,0
0.350269,16.2893,0.481207,2,57.371,0.682255,-0.130938,39.141651605,0
0.1544,4.4043,0.269409,8,22.6942,0.238106,-0.115009,5.4036251852,0
0.269191,12.5649,0.288893,7,41.2921,0.525258,-0.019701999999999997,21.6890058618,1
0.009487,1.1199,0.105685,10,8.8849,0.18002,-0.096198,1.5994596980000002,1
0.080422,8.5586,0.411385,11,15.3583,0.244105,-0.330963,3.7490378215,0
0.422344,20.9462,0.467755,4,35.0973,0.662328,-0.04541099999999998,23.2459245144,1
0.023694,25.2272,0.313362,6,35.159,0.150149,-0.289668,5.279088691,0
0.150119,4.0433,0.109261,8,44.166,0.537538,0.040858000000000005,23.740903307999996,0
0.216314,14.5923,0.138845,9,42.7192,0.48286,0.07746900000000001,20.627392912,0
0.391663,30.9797,0.494164,2,34.7071,0.540189,-0.10250100000000001,18.748393641899998,1
0.168501,8.2284,0.368814,9,42.4859,0.144812,-0.20031299999999996,6.1524681508,0
0.293095,5.6875,0.631782,6,29.3988,0.160442,-0.33868699999999996,4.7168022696000005,0
0.180898,9.3764,0.238345,11,19.0042,0.478043,-0.057447,9.0848247806,0
0.884179,68.1051,0.209251,0,71.9056,0.477099,0.6749280000000001,34.3060898544,1
0.182065,9.4218,0.452566,7,46.3028,0.48881,-0.270501,22.633271668,0
0.198798,5.0888,0.391843,9,24.662,0.239072,-0.193045,5.895993664,0
0.215593,9.6259,0.266735,8,28.9224,0.503487,-0.05114199999999999,14.5620524088,0
0.156559,9.1655,0.02952,8,49.4402,0.572571,0.127039,28.3080247542,0
0.177269,10.4926,0.386469,6,18.4833,0.515437,-0.2092,9.5269767021,0
0.344326,11.363,0.090767,6,36.4009,0.791901,0.25355900000000003,28.8259091109,0
0.367343,26.3284,0.365123,6,55.3359,0.621475,0.0022199999999999998,34.3898784525,0
0.0,1.8104,0.280486,8,29.5428,0.403779,-0.280486,11.9287622412,0
0.041327,1.902,0.154918,12,23.9328,0.376508,-0.113591,9.0108906624,0
0.504667,61.4098,0.449419,1,64.6522,0.906646,0.055247999999999964,58.616658521199994,1
0.398061,25.0805,0.460556,2,65.7406,0.311729,-0.06249500000000002,20.4932514974,0
0.359081,39.9706,0.548639,2,73.394,0.726889,-0.189558,53.349291266,1
0.374488,14.9791,0.232336,10,20.0028,0.129621,0.142152,2.5927829387999997,1
0.052013,12.3612,0.287104,11,25.8784,0.037614,-0.23509100000000002,0.9733901376,0
0.086596,2.2337,0.038051,14,23.6996,0.303222,0.048545000000000005,7.1862401112,0
0.385742,43.3306,0.487212,4,33.3489,0.294054,-0.10147,9.8063774406,1
0.046602,11.3966,0.193586,11,23.0121,0.177663,-0.146984,4.0883987223,0
0.400598,28.4019,0.353238,6,16.4122,0.324544,0.04736000000000001,5.3264810368,0
0.200645,3.8834,0.283407,11,17.3804,0.257989,-0.08276200000000003,4.483952015600001,0
0.14776,3.6387,0.230024,14,11.7484,0.348955,-0.082264,4.099662922,0
0.301687,4.497,0.088837,9,30.104,0.413615,0.21284999999999998,12.45146596,0
0.306456,6.3665,0.031369,10,8.182,0.496995,0.275087,4.06641309,0
0.422301,12.7056,0.639558,6,25.2481,0.157087,-0.21725699999999998,3.9661482847000005,0
0.588,15.5079,0.508028,7,15.5913,0.266876,0.07997199999999993,4.1609437788,0
0.285749,12.8676,0.209447,7,38.9058,0.426694,0.07630199999999998,16.6008714252,0
0.290297,17.3048,0.222219,9,26.9299,0.34814,0.06807800000000003,9.375375386,0
0.280638,9.5868,0.24123,7,16.7029,0.345949,0.039408,5.7783515521,0
0.067189,2.7338,0.333925,9,23.8352,0.587127,-0.26673600000000003,13.994289470399998,0
0.167933,7.3444,0.115721,12,16.8871,0.300771,0.052211999999999995,5.0791499541,0
0.224176,5.2313,0.079219,9,22.6131,0.710192,0.144957,16.0596427152,1
0.846117,50.6153,0.635896,2,62.8693,0.595727,0.210221,37.4529394811,1
0.676501,65.6369,0.774035,3,40.2714,0.739763,-0.09753400000000001,29.791291678199997,0
0.076348,2.9276,0.098365,11,27.9347,0.182497,-0.022016999999999995,5.0979989459,0
0.272846,19.1981,0.219106,8,39.2709,0.486738,0.05373999999999998,19.1146393242,0
0.208745,11.1608,0.181304,11,26.4958,0.083445,0.02744100000000002,2.210942031,0
0.388168,21.292,0.912367,1,57.6938,0.429491,-0.5241990000000001,24.7789678558,0
0.014014,4.5226,0.357234,8,27.6769,0.36348,-0.34321999999999997,10.059999612,0
0.391701,21.7393,0.591663,1,42.5103,0.589818,-0.19996200000000003,25.073340125399998,1
0.006297,5.2265,0.592275,10,28.3081,0.417949,-0.585978,11.8313420869,0
0.030286,2.9754,0.095668,8,31.784,0.199362,-0.065382,6.3365218080000005,0
0.046602,11.3966,0.193586,11,23.0121,0.177663,-0.146984,4.0883987223,0
0.275416,19.077,0.361237,5,15.2309,0.395967,-0.08582099999999998,6.0309337803,0
0.370671,25.4253,0.302829,7,24.0061,0.37545,0.06784199999999996,9.013090245,0
0.131238,4.3226,0.523869,7,27.4271,0.127614,-0.39263100000000006,3.5000819394000002,1
0.359006,30.4947,0.209002,6,64.3299,0.634211,0.150004,40.7987302089,1
0.299534,12.9349,0.564838,9,22.5262,0.019401,-0.26530399999999993,0.4370308062,1
0.247176,9.2048,0.255149,8,29.9568,0.450929,-0.007973000000000008,13.508389867200002,0
0.402626,21.2809,0.518523,3,52.6961,0.104034,-0.11589699999999997,5.4821860674,1
0.185016,4.9149,0.278095,14,11.9703,0.142255,-0.09307899999999997,1.7028350264999998,0
0.438309,36.377,0.671176,2,76.3187,0.478323,-0.232867,36.504989540100006,1
0.177723,4.1586,0.272083,8,9.0588,0.235696,-0.09436000000000003,2.1351229247999997,0
0.58126,65.5931,0.493678,4,76.1317,0.764618,0.087582,58.2116681906,1
0.029822,0.0413,0.168994,12,16.2431,0.154754,-0.13917200000000002,2.5136846974,0
0.037998,3.1312,0.256881,10,27.793,0.084986,-0.21888300000000002,2.362015898,0
0.333381,16.0319,0.447958,11,31.8801,0.33626,-0.11457700000000004,10.720002425999999,0
0.146294,2.9695,0.056037,14,21.0024,0.055098,0.090257,1.1571902352,0
0.194822,10.6578,0.094496,7,23.5651,0.387291,0.100326,9.1265511441,0
0.200357,4.1263,0.184503,12,13.3463,0.126056,0.015854000000000007,1.6823811927999999,0
0.412415,27.8219,0.694673,1,60.0767,0.534691,-0.282258,32.122470799700004,0
0.229416,6.9297,0.251339,12,19.7762,0.421129,-0.02192299999999997,8.3283313298,0
0.359298,31.9246,0.318869,9,5.1015,0.281974,0.04042899999999999,1.438490361,0
0.563401,12.289,0.119663,11,24.7149,0.314857,0.443738,7.7816592693,0
0.030609,3.9418,0.346611,14,32.6013,0.559812,-0.316002,18.2505989556,0
0.388168,21.292,0.912367,1,57.6938,0.429491,-0.5241990000000001,24.7789678558,0
0.604477,30.963,0.669804,3,96.5149,0.390425,-0.06532699999999991,37.6818298325,0
0.409622,31.2194,0.408728,9,35.1511,0.18437,0.0008940000000000059,6.480808307,1
0.036485,3.0129,0.018995,8,16.5932,0.397452,0.017489999999999995,6.595000526400001,0
0.345746,13.6786,0.1521,7,24.1583,0.091587,0.19364599999999998,2.2125862221,0
0.350269,16.2893,0.481207,2,57.371,0.682255,-0.130938,39.141651605,0
0.194822,10.6578,0.094496,7,23.5651,0.387291,0.100326,9.1265511441,0
0.112857,9.2379,0.0,10,47.1443,0.364352,0.112857,17.1771199936,0
0.134529,24.6977,0.037264,7,46.8742,0.187976,0.09726500000000002,8.8112246192,0
0.0,0.8309,0.385116,13,28.0005,0.335892,-0.385116,9.405143946,0
0.203935,4.9102,0.061346,14,24.2958,0.23331,0.14258900000000002,5.668453098,0
0.016304,1.0341,0.050443,12,10.0609,0.232905,-0.034139,2.3432339145,0
0.146294,2.9695,0.056037,14,21.0024,0.055098,0.090257,1.1571902352,0
0.411661,20.6704,0.066956,6,67.8766,0.833981,0.344705,56.60779474459999,0
0.571065,53.7606,0.828263,3,80.3132,0.26886,-0.2571979999999999,21.593006951999996,1
0.226358,4.5117,0.007477,13,21.9709,0.039641,0.218881,0.8709484469000001,1
0.3565,11.7586,0.464574,10,32.8647,0.177634,-0.108074,5.8378881198,0
0.430969,10.4194,0.222911,13,30.2739,0.356002,0.208058,10.7775689478,0
0.101986,3.1736,0.110459,14,31.5346,0.409912,-0.008473000000000008,12.9264109552,0
0.401217,31.1137,0.606751,3,44.7689,0.429543,-0.20553400000000005,19.2301676127,1
0.382661,14.5568,0.344981,11,31.1618,0.151046,0.03767999999999999,4.7068652428,0
0.329187,11.5676,0.393396,5,30.5596,0.66322,-0.06420900000000002,20.267737912,0
0.143829,16.6348,0.187029,10,29.8977,0.226919,-0.04319999999999999,6.7843561863,1
0.370671,25.4253,0.302829,7,24.0061,0.37545,0.06784199999999996,9.013090245,0
0.105672,4.9037,0.148294,12,33.7791,0.475262,-0.04262200000000001,16.053922624200002,0
0.192723,1.6574,0.06141,14,30.3132,0.591959,0.131313,17.9441715588,0
0.498137,12.9392,0.31723,9,29.5562,0.38988,0.18090699999999998,11.523371256,1
0.021298,3.5332,0.246849,11,5.5531,0.395572,-0.225551,2.1966508732,0
0.055851,9.5847,0.487935,14,26.1854,0.074718,-0.432084,1.9565207172000003,0
0.669289,40.8771,0.780674,1,52.175,0.885454,-0.11138499999999996,46.19856245,0
0.340253,8.0592,0.236739,5,29.0688,0.405141,0.10351400000000002,11.776962700799999,1
0.0,4.6952,0.192595,9,28.222,0.108071,-0.192595,3.049979762,0
0.564871,25.9633,0.639181,4,78.7379,0.766764,-0.07430999999999999,60.3733871556,0
0.478413,42.8795,0.453434,4,71.3105,0.915048,0.024978999999999973,65.252530404,0
0.071541,3.9909,0.111464,11,29.6374,0.278957,-0.039923,8.2675601918,0
0.436572,8.2051,0.410498,5,45.0376,0.430148,0.02607400000000004,19.372833564799997,1
0.176937,7.6094,0.311004,9,32.67,0.461277,-0.134067,15.069919590000001,0
0.664921,66.6123,0.585031,0,66.6895,0.645782,0.07989000000000002,43.06687868899999,1
0.462159,17.6751,0.377322,5,20.8947,0.242358,0.084837,5.0639977026,0
0.114717,4.1709,0.092975,8,14.1666,0.268338,0.021741999999999997,3.8014371108000007,0
0.126051,8.95,0.492449,8,46.517,0.451974,-0.366398,21.024474558,1
0.441695,20.4196,0.236294,5,47.2783,0.703083,0.205401,33.2405689989,0
0.173083,2.827,0.348536,11,18.5385,0.296143,-0.17545300000000003,5.490047005499999,0
0.433926,16.0245,0.556013,3,47.3863,0.292187,-0.122087,13.845660838099999,0
0.070187,4.8707,0.138321,8,34.3506,0.195988,-0.068134,6.7323053928,0
0.043193,2.8027,0.281849,11,34.665,0.232652,-0.238656,8.06488158,0
0.303416,13.1258,0.176111,5,16.2129,0.226987,0.12730500000000003,3.6801175323,0
0.217795,15.2785,0.0,10,33.2214,0.26536,0.217795,8.815630704,0
0.705708,32.3804,0.513097,2,59.0224,0.572113,0.19261099999999998,33.7674823312,0
0.149851,3.8873,0.286978,12,29.4434,0.421087,-0.137127,12.3982329758,0
